-- MySQL dump 10.13  Distrib 8.3.0, for macos14.2 (arm64)
--
-- Host: 172.29.72.11    Database: user
-- ------------------------------------------------------
-- Server version	8.3.0

/*!40101 SET @OLD_CHARACTER_SET_CLIENT=@@CHARACTER_SET_CLIENT */;
/*!40101 SET @OLD_CHARACTER_SET_RESULTS=@@CHARACTER_SET_RESULTS */;
/*!40101 SET @OLD_COLLATION_CONNECTION=@@COLLATION_CONNECTION */;
/*!50503 SET NAMES utf8mb4 */;
/*!40103 SET @OLD_TIME_ZONE=@@TIME_ZONE */;
/*!40103 SET TIME_ZONE='+00:00' */;
/*!40014 SET @OLD_UNIQUE_CHECKS=@@UNIQUE_CHECKS, UNIQUE_CHECKS=0 */;
/*!40014 SET @OLD_FOREIGN_KEY_CHECKS=@@FOREIGN_KEY_CHECKS, FOREIGN_KEY_CHECKS=0 */;
/*!40101 SET @OLD_SQL_MODE=@@SQL_MODE, SQL_MODE='NO_AUTO_VALUE_ON_ZERO' */;
/*!40111 SET @OLD_SQL_NOTES=@@SQL_NOTES, SQL_NOTES=0 */;

--
-- Table structure for table `approval`
--

DROP TABLE IF EXISTS `approval`;
/*!40101 SET @saved_cs_client     = @@character_set_client */;
/*!50503 SET character_set_client = utf8mb4 */;
CREATE TABLE `approval` (
  `id` int NOT NULL AUTO_INCREMENT,
  `event_type_id` int DEFAULT NULL COMMENT '1: 지갑, 2: 출금, 3: 화이트리스트, 4: 네트워크',
  `table_id` int DEFAULT NULL,
  `user_id` int DEFAULT NULL,
  `seq` int DEFAULT NULL,
  `step` int DEFAULT NULL,
  `status` varchar(10) CHARACTER SET utf8mb4 COLLATE utf8mb4_general_ci DEFAULT NULL,
  `memo` varchar(100) CHARACTER SET utf8mb4 COLLATE utf8mb4_general_ci DEFAULT NULL,
  `wallet_id` int DEFAULT NULL,
  PRIMARY KEY (`id`),
  KEY `user_approval-event_type_id-cet-id-fk_idx` (`event_type_id`) USING BTREE,
  KEY `user_approval-user_id-user-id-fk_idx` (`user_id`) USING BTREE
) ENGINE=InnoDB AUTO_INCREMENT=990 DEFAULT CHARSET=utf8mb4 COLLATE=utf8mb4_general_ci COMMENT='승인/요청 거절시 메모';
/*!40101 SET character_set_client = @saved_cs_client */;

--
-- Dumping data for table `approval`
--

LOCK TABLES `approval` WRITE;
/*!40000 ALTER TABLE `approval` DISABLE KEYS */;
INSERT INTO `approval` VALUES (1,3,1,2,1,1,'true',NULL,2),(2,3,1,3,1,1,'true',NULL,2),(3,3,1,4,2,1,'true',NULL,2),(4,3,1,5,3,1,'true',NULL,2),(8,2,1,2,1,1,'true',NULL,2),(9,2,1,3,1,1,'reject','test test',2),(10,2,1,4,2,1,'true',NULL,2),(11,2,1,5,3,1,'true',NULL,2),(15,2,2,2,1,1,'true',NULL,2),(16,2,2,3,1,1,'true',NULL,2),(17,2,2,4,2,1,'true',NULL,2),(18,2,2,5,3,1,'true',NULL,2),(22,2,3,2,1,1,'true',NULL,2),(23,2,3,3,1,1,'true',NULL,2),(24,2,3,4,2,1,'true',NULL,2),(25,2,3,5,3,1,'true',NULL,2),(29,2,4,2,1,1,'reject','test jeject',2),(30,2,4,3,1,1,NULL,NULL,2),(31,2,4,4,2,1,NULL,NULL,2),(32,2,4,5,3,1,NULL,NULL,2),(36,2,5,2,1,1,NULL,NULL,2),(37,2,5,3,1,1,'true',NULL,2),(38,2,5,4,2,1,NULL,NULL,2),(39,2,5,5,3,1,NULL,NULL,2),(43,2,6,2,1,1,NULL,NULL,2),(44,2,6,3,1,1,'true',NULL,2),(45,2,6,4,2,1,NULL,NULL,2),(46,2,6,5,3,1,NULL,NULL,2),(50,2,7,2,1,1,NULL,NULL,2),(51,2,7,3,1,1,NULL,NULL,2),(52,2,7,4,2,1,NULL,NULL,2),(53,2,7,5,3,1,NULL,NULL,2),(57,2,8,2,1,1,NULL,NULL,2),(58,2,8,3,1,1,NULL,NULL,2),(59,2,8,4,2,1,NULL,NULL,2),(60,2,8,5,3,1,NULL,NULL,2),(64,2,9,2,1,1,NULL,NULL,2),(65,2,9,3,1,1,NULL,NULL,2),(66,2,9,4,2,1,NULL,NULL,2),(67,2,9,5,3,1,NULL,NULL,2),(71,2,10,2,1,1,NULL,NULL,2),(72,2,10,3,1,1,NULL,NULL,2),(73,2,10,4,2,1,NULL,NULL,2),(74,2,10,5,3,1,NULL,NULL,2),(78,2,11,2,1,1,NULL,NULL,2),(79,2,11,3,1,1,NULL,NULL,2),(80,2,11,4,2,1,NULL,NULL,2),(81,2,11,5,3,1,NULL,NULL,2),(85,2,12,2,1,1,NULL,NULL,2),(86,2,12,3,1,1,'true',NULL,2),(87,2,12,4,2,1,NULL,NULL,2),(88,2,12,5,3,1,NULL,NULL,2),(92,2,13,2,1,1,NULL,NULL,2),(93,2,13,3,1,1,'reject','test',2),(94,2,13,4,2,1,NULL,NULL,2),(95,2,13,5,3,1,NULL,NULL,2),(99,2,14,2,1,1,NULL,NULL,2),(100,2,14,3,1,1,'reject','123123',2),(101,2,14,4,2,1,NULL,NULL,2),(102,2,14,5,3,1,NULL,NULL,2),(106,2,15,2,1,1,NULL,NULL,2),(107,2,15,3,1,1,NULL,NULL,2),(108,2,15,4,2,1,NULL,NULL,2),(109,2,15,5,3,1,NULL,NULL,2),(113,2,16,5,3,1,NULL,NULL,2),(114,2,16,4,2,1,NULL,NULL,2),(115,2,16,3,1,1,NULL,NULL,2),(116,2,16,2,1,1,NULL,NULL,2),(120,2,17,5,3,1,NULL,NULL,2),(121,2,17,4,2,1,NULL,NULL,2),(122,2,17,3,1,1,NULL,NULL,2),(123,2,17,2,1,1,NULL,NULL,2),(127,2,18,5,3,1,NULL,NULL,2),(128,2,18,4,2,1,NULL,NULL,2),(129,2,18,3,1,1,NULL,NULL,2),(130,2,18,2,1,1,NULL,NULL,2),(134,3,3,2,1,1,'reject','whitelist reject test',2),(135,3,3,3,1,1,NULL,NULL,2),(136,3,3,4,2,1,NULL,NULL,2),(137,3,3,5,3,1,NULL,NULL,2),(141,3,4,2,1,1,NULL,NULL,2),(142,3,4,3,1,1,NULL,NULL,2),(143,3,4,4,2,1,NULL,NULL,2),(144,3,4,5,3,1,NULL,NULL,2),(148,3,5,1,1,1,NULL,NULL,2),(149,3,5,2,1,1,'true',NULL,2),(150,3,5,16,2,1,NULL,NULL,4),(151,3,6,1,1,1,NULL,NULL,2),(152,3,6,2,1,1,NULL,NULL,2),(153,3,6,16,2,1,NULL,NULL,4),(154,3,7,1,1,1,NULL,NULL,2),(155,3,7,2,1,1,NULL,NULL,2),(156,3,7,16,2,1,NULL,NULL,4),(157,3,8,1,1,1,NULL,NULL,2),(158,3,8,2,1,1,NULL,NULL,2),(159,3,8,16,2,1,NULL,NULL,4),(160,3,9,1,1,1,NULL,NULL,2),(161,3,9,2,1,1,NULL,NULL,2),(162,3,9,16,2,1,NULL,NULL,4),(163,3,10,1,1,1,NULL,NULL,2),(164,3,10,2,1,1,NULL,NULL,2),(165,3,10,16,2,1,NULL,NULL,4),(166,3,11,2,1,1,NULL,NULL,2),(167,3,11,3,1,1,NULL,NULL,2),(168,3,11,4,2,1,NULL,NULL,2),(169,3,11,5,3,1,NULL,NULL,2),(173,3,12,2,1,1,NULL,NULL,2),(174,3,12,3,1,1,NULL,NULL,2),(175,3,12,4,2,1,NULL,NULL,2),(176,3,12,5,3,1,NULL,NULL,2),(180,3,13,2,1,1,'true',NULL,2),(181,3,13,3,1,1,'true',NULL,2),(182,3,13,4,2,1,'true',NULL,2),(183,3,13,5,3,1,'true',NULL,2),(187,3,14,2,1,1,'true',NULL,2),(188,3,14,3,1,1,'true',NULL,2),(189,3,14,4,2,1,'true',NULL,2),(190,3,14,5,3,1,'true',NULL,2),(194,3,15,2,1,1,'true',NULL,2),(195,3,15,3,1,1,'true',NULL,2),(196,3,15,4,2,1,'true',NULL,2),(197,3,15,5,3,1,'true',NULL,2),(201,2,19,2,1,1,NULL,NULL,2),(202,2,19,3,1,1,NULL,NULL,2),(203,2,19,4,2,1,NULL,NULL,2),(204,2,19,5,3,1,NULL,NULL,2),(208,2,20,5,3,1,NULL,NULL,2),(209,2,20,4,2,1,NULL,NULL,2),(210,2,20,3,1,1,NULL,NULL,2),(211,2,20,2,1,1,NULL,NULL,2),(215,3,16,2,1,1,NULL,NULL,2),(216,3,16,3,1,1,NULL,NULL,2),(217,3,16,4,2,1,NULL,NULL,2),(218,3,16,5,3,1,NULL,NULL,2),(222,3,17,2,1,1,NULL,NULL,2),(223,3,17,3,1,1,NULL,NULL,2),(224,3,17,4,2,1,NULL,NULL,2),(225,3,17,5,3,1,NULL,NULL,2),(229,3,18,2,1,1,NULL,NULL,2),(230,3,18,3,1,1,NULL,NULL,2),(231,3,18,4,2,1,NULL,NULL,2),(232,3,18,5,3,1,NULL,NULL,2),(236,2,21,4,1,1,NULL,NULL,2),(237,2,21,11,1,1,NULL,NULL,1),(238,2,21,5,2,1,NULL,NULL,2),(239,2,22,5,2,1,NULL,NULL,2),(240,2,22,11,1,1,NULL,NULL,1),(241,2,22,4,1,1,NULL,NULL,2),(242,2,23,5,2,1,NULL,NULL,2),(243,2,23,11,1,1,NULL,NULL,1),(244,2,23,4,1,1,NULL,NULL,2),(245,2,24,4,1,1,NULL,NULL,2),(246,2,24,11,1,1,NULL,NULL,1),(247,2,24,5,2,1,NULL,NULL,2),(248,2,24,716,1,1,NULL,NULL,14),(249,2,24,717,1,1,NULL,NULL,14),(250,2,24,719,2,1,NULL,NULL,14),(251,2,24,718,3,1,NULL,NULL,14),(252,2,24,726,1,1,NULL,NULL,14),(253,2,24,727,1,1,NULL,NULL,14),(254,2,24,730,2,1,NULL,NULL,14),(260,2,25,4,1,1,NULL,NULL,2),(261,2,25,11,1,1,NULL,NULL,1),(262,2,25,5,2,1,NULL,NULL,2),(263,2,25,716,1,1,NULL,NULL,14),(264,2,25,717,1,1,NULL,NULL,14),(265,2,25,719,2,1,NULL,NULL,14),(266,2,25,718,3,1,NULL,NULL,14),(267,2,25,726,1,1,NULL,NULL,14),(268,2,25,727,1,1,NULL,NULL,14),(269,2,25,730,2,1,NULL,NULL,14),(275,2,26,4,1,1,NULL,NULL,2),(276,2,26,11,1,1,NULL,NULL,1),(277,2,26,5,2,1,NULL,NULL,2),(278,2,26,716,1,1,NULL,NULL,14),(279,2,26,717,1,1,NULL,NULL,14),(280,2,26,719,2,1,NULL,NULL,14),(281,2,26,718,3,1,NULL,NULL,14),(282,2,26,726,1,1,NULL,NULL,14),(283,2,26,727,1,1,NULL,NULL,14),(284,2,26,730,2,1,NULL,NULL,14),(290,2,27,2,1,1,NULL,NULL,2),(291,2,27,3,1,1,NULL,NULL,2),(292,2,27,4,2,1,NULL,NULL,2),(293,2,27,5,3,1,NULL,NULL,2),(294,2,27,717,1,1,NULL,NULL,14),(295,2,27,716,1,1,NULL,NULL,14),(296,2,27,719,2,1,NULL,NULL,14),(297,2,27,720,1,1,NULL,NULL,14),(298,2,27,716,1,1,NULL,NULL,14),(305,3,19,4,1,1,NULL,NULL,2),(306,3,19,11,1,1,NULL,NULL,1),(307,3,19,5,2,1,NULL,NULL,2),(308,3,21,1,1,1,NULL,NULL,2),(309,3,21,4,1,1,NULL,NULL,2),(310,3,21,12,2,1,NULL,NULL,4),(311,3,21,5,3,1,NULL,NULL,2),(312,3,21,16,4,1,NULL,NULL,4),(313,3,21,17,5,1,NULL,NULL,4),(314,3,21,19,6,1,NULL,NULL,4),(315,3,22,1,1,1,NULL,NULL,2),(316,3,22,4,1,1,NULL,NULL,2),(317,3,22,12,2,1,NULL,NULL,4),(318,3,22,5,3,1,NULL,NULL,2),(319,3,22,16,4,1,NULL,NULL,4),(320,3,22,17,5,1,NULL,NULL,4),(321,3,22,19,6,1,NULL,NULL,4),(322,3,23,1,1,1,NULL,NULL,2),(323,3,23,4,1,1,NULL,NULL,2),(324,3,23,12,2,1,NULL,NULL,4),(325,3,23,5,3,1,NULL,NULL,2),(326,3,23,16,4,1,NULL,NULL,4),(327,3,23,17,5,1,NULL,NULL,4),(328,3,23,19,6,1,NULL,NULL,4),(329,3,28,2,1,1,NULL,NULL,2),(330,3,28,3,1,1,NULL,NULL,2),(331,3,28,4,2,1,NULL,NULL,2),(332,3,28,5,3,1,NULL,NULL,2),(336,3,30,10,1,1,NULL,NULL,3),(337,3,30,3,1,1,NULL,NULL,2),(338,3,30,4,2,1,NULL,NULL,2),(339,3,30,5,3,1,NULL,NULL,2),(343,3,32,5,3,1,NULL,NULL,2),(344,3,32,4,2,1,NULL,NULL,2),(345,3,32,3,1,1,NULL,NULL,2),(346,3,32,2,1,1,NULL,NULL,2),(350,3,33,5,2,1,NULL,NULL,2),(351,3,33,11,1,1,NULL,NULL,1),(352,3,33,4,1,1,NULL,NULL,2),(353,3,34,5,3,1,NULL,NULL,2),(354,3,34,4,2,1,NULL,NULL,2),(355,3,34,3,1,1,NULL,NULL,2),(356,3,34,2,1,1,NULL,NULL,2),(360,3,35,5,3,1,NULL,NULL,2),(361,3,35,4,2,1,NULL,NULL,2),(362,3,35,3,1,1,NULL,NULL,2),(363,3,35,10,1,1,NULL,NULL,3),(367,3,36,5,2,1,NULL,NULL,2),(368,3,36,11,1,1,NULL,NULL,1),(369,3,36,4,1,1,NULL,NULL,2),(370,3,37,5,3,1,NULL,NULL,2),(371,3,37,4,2,1,NULL,NULL,2),(372,3,37,3,1,1,NULL,NULL,2),(373,3,37,2,1,1,NULL,NULL,2),(377,3,38,5,3,1,NULL,NULL,2),(378,3,38,4,2,1,NULL,NULL,2),(379,3,38,3,1,1,NULL,NULL,2),(380,3,38,10,1,1,NULL,NULL,3),(384,3,39,5,3,1,NULL,NULL,2),(385,3,39,4,2,1,NULL,NULL,2),(386,3,39,3,1,1,NULL,NULL,2),(387,3,39,10,1,1,NULL,NULL,3),(391,3,41,5,3,1,NULL,NULL,2),(392,3,41,4,2,1,NULL,NULL,2),(393,3,41,3,1,1,NULL,NULL,2),(394,3,41,10,1,1,NULL,NULL,3),(398,3,44,5,3,1,NULL,NULL,2),(399,3,44,4,2,1,NULL,NULL,2),(400,3,44,3,1,1,NULL,NULL,2),(401,3,44,2,1,1,NULL,NULL,2),(405,3,45,5,3,1,NULL,NULL,2),(406,3,45,4,2,1,NULL,NULL,2),(407,3,45,3,1,1,NULL,NULL,2),(408,3,45,10,1,1,NULL,NULL,3),(412,3,46,5,2,1,NULL,NULL,2),(413,3,46,11,1,1,NULL,NULL,1),(414,3,46,4,1,1,NULL,NULL,2),(415,3,47,5,3,1,NULL,NULL,2),(416,3,47,4,2,1,NULL,NULL,2),(417,3,47,3,1,1,NULL,NULL,2),(418,3,47,10,1,1,NULL,NULL,3),(422,3,48,5,3,1,NULL,NULL,2),(423,3,48,4,2,1,NULL,NULL,2),(424,3,48,3,1,1,NULL,NULL,2),(425,3,48,10,1,1,NULL,NULL,3),(429,3,49,5,3,1,NULL,NULL,2),(430,3,49,4,2,1,NULL,NULL,2),(431,3,49,3,1,1,NULL,NULL,2),(432,3,49,2,1,1,NULL,NULL,2),(436,3,50,5,3,1,NULL,NULL,2),(437,3,50,4,2,1,NULL,NULL,2),(438,3,50,3,1,1,NULL,NULL,2),(439,3,50,10,1,1,NULL,NULL,3),(443,3,51,5,3,1,NULL,NULL,2),(444,3,51,4,2,1,NULL,NULL,2),(445,3,51,3,1,1,NULL,NULL,2),(446,3,51,10,1,1,NULL,NULL,3),(450,3,52,5,3,1,NULL,NULL,2),(451,3,52,4,2,1,NULL,NULL,2),(452,3,52,3,1,1,NULL,NULL,2),(453,3,52,10,1,1,NULL,NULL,3),(457,3,53,5,3,1,NULL,NULL,2),(458,3,53,4,2,1,NULL,NULL,2),(459,3,53,3,1,1,NULL,NULL,2),(460,3,53,10,1,1,NULL,NULL,3),(464,3,54,5,3,1,NULL,NULL,2),(465,3,54,4,2,1,NULL,NULL,2),(466,3,54,3,1,1,NULL,NULL,2),(467,3,54,2,1,1,NULL,NULL,2),(471,3,55,5,3,1,NULL,NULL,2),(472,3,55,4,2,1,NULL,NULL,2),(473,3,55,3,1,1,NULL,NULL,2),(474,3,55,10,1,1,NULL,NULL,3),(478,3,56,5,3,1,NULL,NULL,2),(479,3,56,4,2,1,NULL,NULL,2),(480,3,56,3,1,1,NULL,NULL,2),(481,3,56,10,1,1,NULL,NULL,3),(485,2,28,2,1,1,NULL,NULL,2),(486,2,28,3,1,1,NULL,NULL,2),(487,2,28,4,2,1,NULL,NULL,2),(488,2,28,5,3,1,NULL,NULL,2),(489,2,28,717,1,1,NULL,NULL,14),(490,2,28,716,1,1,NULL,NULL,14),(491,2,28,719,2,1,NULL,NULL,14),(492,2,28,720,1,1,NULL,NULL,14),(493,2,28,716,1,1,NULL,NULL,14),(500,2,29,4,1,1,NULL,NULL,2),(501,2,29,11,1,1,NULL,NULL,1),(502,2,29,5,2,1,NULL,NULL,2),(503,2,29,716,1,1,NULL,NULL,14),(504,2,29,717,1,1,NULL,NULL,14),(505,2,29,719,2,1,NULL,NULL,14),(506,2,29,718,3,1,NULL,NULL,14),(507,2,29,726,1,1,NULL,NULL,14),(508,2,29,727,1,1,NULL,NULL,14),(509,2,29,730,2,1,NULL,NULL,14),(515,2,30,2,1,1,NULL,NULL,2),(516,2,30,3,1,1,NULL,NULL,2),(517,2,30,4,2,1,NULL,NULL,2),(518,2,30,5,3,1,NULL,NULL,2),(519,2,30,717,1,1,NULL,NULL,14),(520,2,30,716,1,1,NULL,NULL,14),(521,2,30,719,2,1,NULL,NULL,14),(522,2,30,720,1,1,NULL,NULL,14),(523,2,30,716,1,1,NULL,NULL,14),(530,2,31,2,1,1,NULL,NULL,2),(531,2,31,3,1,1,NULL,NULL,2),(532,2,31,4,2,1,NULL,NULL,2),(533,2,31,5,3,1,NULL,NULL,2),(534,2,31,717,1,1,NULL,NULL,14),(535,2,31,716,1,1,NULL,NULL,14),(536,2,31,719,2,1,NULL,NULL,14),(537,2,31,720,1,1,NULL,NULL,14),(538,2,31,716,1,1,NULL,NULL,14),(545,2,32,2,1,1,NULL,NULL,2),(546,2,32,3,1,1,NULL,NULL,2),(547,2,32,4,2,1,NULL,NULL,2),(548,2,32,5,3,1,NULL,NULL,2),(549,2,32,717,1,1,NULL,NULL,14),(550,2,32,716,1,1,NULL,NULL,14),(551,2,32,719,2,1,NULL,NULL,14),(552,2,32,720,1,1,NULL,NULL,14),(553,2,32,716,1,1,NULL,NULL,14),(560,2,33,2,1,1,NULL,NULL,2),(561,2,33,3,1,1,NULL,NULL,2),(562,2,33,4,2,1,NULL,NULL,2),(563,2,33,5,3,1,NULL,NULL,2),(564,2,33,717,1,1,NULL,NULL,14),(565,2,33,716,1,1,NULL,NULL,14),(566,2,33,719,2,1,NULL,NULL,14),(567,2,33,720,1,1,NULL,NULL,14),(568,2,33,716,1,1,NULL,NULL,14),(575,2,34,2,1,1,NULL,NULL,2),(576,2,34,3,1,1,NULL,NULL,2),(577,2,34,4,2,1,NULL,NULL,2),(578,2,34,5,3,1,NULL,NULL,2),(579,2,34,717,1,1,NULL,NULL,14),(580,2,34,716,1,1,NULL,NULL,14),(581,2,34,719,2,1,NULL,NULL,14),(582,2,34,720,1,1,NULL,NULL,14),(583,2,34,716,1,1,NULL,NULL,14),(590,2,35,2,1,1,NULL,NULL,2),(591,2,35,3,1,1,NULL,NULL,2),(592,2,35,4,2,1,NULL,NULL,2),(593,2,35,5,3,1,NULL,NULL,2),(594,2,35,717,1,1,NULL,NULL,14),(595,2,35,716,1,1,NULL,NULL,14),(596,2,35,719,2,1,NULL,NULL,14),(597,2,35,720,1,1,NULL,NULL,14),(598,2,35,716,1,1,NULL,NULL,14),(605,2,36,2,1,1,NULL,NULL,2),(606,2,36,3,1,1,NULL,NULL,2),(607,2,36,4,2,1,NULL,NULL,2),(608,2,36,5,3,1,NULL,NULL,2),(609,2,36,717,1,1,NULL,NULL,14),(610,2,36,716,1,1,NULL,NULL,14),(611,2,36,719,2,1,NULL,NULL,14),(612,2,36,720,1,1,NULL,NULL,14),(613,2,36,716,1,1,NULL,NULL,14),(620,3,57,5,2,1,NULL,NULL,2),(621,3,57,11,1,1,NULL,NULL,1),(622,3,57,4,1,1,NULL,NULL,2),(623,3,58,5,2,1,NULL,NULL,2),(624,3,58,11,1,1,NULL,NULL,1),(625,3,58,4,1,1,NULL,NULL,2),(626,3,59,5,2,1,NULL,NULL,2),(627,3,59,11,1,1,NULL,NULL,1),(628,3,59,4,1,1,NULL,NULL,2),(629,3,60,5,2,1,NULL,NULL,2),(630,3,60,11,1,1,NULL,NULL,1),(631,3,60,4,1,1,NULL,NULL,2),(632,3,61,5,2,1,NULL,NULL,2),(633,3,61,11,1,1,NULL,NULL,1),(634,3,61,4,1,1,NULL,NULL,2),(635,3,62,5,2,1,NULL,NULL,2),(636,3,62,11,1,1,NULL,NULL,1),(637,3,62,4,1,1,NULL,NULL,2),(638,3,63,5,2,1,NULL,NULL,2),(639,3,63,11,1,1,NULL,NULL,1),(640,3,63,4,1,1,NULL,NULL,2),(641,3,64,5,2,1,NULL,NULL,2),(642,3,64,11,1,1,NULL,NULL,1),(643,3,64,4,1,1,NULL,NULL,2),(644,3,65,5,2,1,NULL,NULL,2),(645,3,65,11,1,1,NULL,NULL,1),(646,3,65,4,1,1,NULL,NULL,2),(647,3,66,5,2,1,NULL,NULL,2),(648,3,66,11,1,1,NULL,NULL,1),(649,3,66,4,1,1,NULL,NULL,2),(650,3,67,5,2,1,NULL,NULL,2),(651,3,67,11,1,1,NULL,NULL,1),(652,3,67,4,1,1,NULL,NULL,2),(653,3,68,5,2,1,NULL,NULL,2),(654,3,68,11,1,1,NULL,NULL,1),(655,3,68,4,1,1,NULL,NULL,2),(656,3,69,5,2,1,NULL,NULL,2),(657,3,69,11,1,1,NULL,NULL,1),(658,3,69,4,1,1,NULL,NULL,2),(659,3,70,5,2,1,NULL,NULL,2),(660,3,70,11,1,1,NULL,NULL,1),(661,3,70,4,1,1,NULL,NULL,2),(662,3,71,5,3,1,NULL,NULL,2),(663,3,71,4,2,1,NULL,NULL,2),(664,3,71,3,1,1,NULL,NULL,2),(665,3,71,2,1,1,NULL,NULL,2),(669,3,72,5,3,1,NULL,NULL,2),(670,3,72,4,2,1,NULL,NULL,2),(671,3,72,3,1,1,NULL,NULL,2),(672,3,72,2,1,1,NULL,NULL,2),(676,3,73,5,3,1,NULL,NULL,2),(677,3,73,4,2,1,NULL,NULL,2),(678,3,73,3,1,1,NULL,NULL,2),(679,3,73,2,1,1,NULL,NULL,2),(683,3,74,5,3,1,NULL,NULL,2),(684,3,74,4,2,1,NULL,NULL,2),(685,3,74,3,1,1,NULL,NULL,2),(686,3,74,2,1,1,NULL,NULL,2),(690,3,75,5,3,1,NULL,NULL,2),(691,3,75,4,2,1,NULL,NULL,2),(692,3,75,3,1,1,NULL,NULL,2),(693,3,75,2,1,1,NULL,NULL,2),(697,3,76,5,3,1,NULL,NULL,2),(698,3,76,4,2,1,NULL,NULL,2),(699,3,76,3,1,1,NULL,NULL,2),(700,3,76,2,1,1,NULL,NULL,2),(704,3,77,5,3,1,NULL,NULL,2),(705,3,77,4,2,1,NULL,NULL,2),(706,3,77,3,1,1,NULL,NULL,2),(707,3,77,2,1,1,NULL,NULL,2),(711,3,78,5,3,1,NULL,NULL,2),(712,3,78,4,2,1,NULL,NULL,2),(713,3,78,3,1,1,NULL,NULL,2),(714,3,78,2,1,1,NULL,NULL,2),(718,3,79,5,3,1,NULL,NULL,2),(719,3,79,4,2,1,NULL,NULL,2),(720,3,79,3,1,1,NULL,NULL,2),(721,3,79,2,1,1,NULL,NULL,2),(725,2,37,2,1,1,NULL,NULL,2),(726,2,37,3,1,1,NULL,NULL,2),(727,2,37,4,2,1,NULL,NULL,2),(728,2,37,5,3,1,NULL,NULL,2),(729,2,37,717,1,1,NULL,NULL,14),(730,2,37,716,1,1,NULL,NULL,14),(731,2,37,719,2,1,NULL,NULL,14),(732,2,37,720,1,1,NULL,NULL,14),(733,2,37,716,1,1,NULL,NULL,14),(740,2,38,2,1,1,NULL,NULL,2),(741,2,38,3,1,1,NULL,NULL,2),(742,2,38,4,2,1,NULL,NULL,2),(743,2,38,5,3,1,NULL,NULL,2),(744,2,38,717,1,1,NULL,NULL,14),(745,2,38,716,1,1,NULL,NULL,14),(746,2,38,719,2,1,NULL,NULL,14),(747,2,38,720,1,1,NULL,NULL,14),(748,2,38,716,1,1,NULL,NULL,14),(755,3,81,19,4,1,NULL,NULL,4),(756,3,81,18,3,1,NULL,NULL,1),(757,3,81,5,2,1,NULL,NULL,2),(758,3,81,11,1,1,NULL,NULL,1),(759,3,81,4,1,1,NULL,NULL,2),(763,3,80,763,1,1,'true',NULL,35),(764,2,39,2,1,1,NULL,NULL,NULL),(765,2,39,3,1,1,NULL,NULL,NULL),(766,2,39,4,2,1,NULL,NULL,NULL),(767,2,39,5,3,1,NULL,NULL,NULL),(768,2,39,717,1,1,NULL,NULL,NULL),(769,2,39,716,1,1,NULL,NULL,NULL),(770,2,39,719,2,1,NULL,NULL,NULL),(771,2,39,720,1,1,NULL,NULL,NULL),(772,2,39,716,1,1,NULL,NULL,NULL),(773,2,39,763,1,1,NULL,NULL,NULL),(779,2,40,2,1,1,NULL,NULL,2),(780,2,40,3,1,1,NULL,NULL,2),(781,2,40,4,2,1,NULL,NULL,2),(782,2,40,5,3,1,NULL,NULL,2),(786,2,41,2,1,1,NULL,NULL,2),(787,2,41,3,1,1,NULL,NULL,2),(788,2,41,4,2,1,NULL,NULL,2),(789,2,41,5,3,1,NULL,NULL,2),(793,2,42,2,1,1,NULL,NULL,2),(794,2,42,3,1,1,NULL,NULL,2),(795,2,42,4,2,1,NULL,NULL,2),(796,2,42,5,3,1,NULL,NULL,2),(800,3,82,5,3,1,NULL,NULL,2),(801,3,82,4,2,1,NULL,NULL,2),(802,3,82,3,1,1,NULL,NULL,2),(803,3,82,2,1,1,NULL,NULL,2),(807,2,43,2,1,1,NULL,NULL,2),(808,2,43,3,1,1,NULL,NULL,2),(809,2,43,4,2,1,NULL,NULL,2),(810,2,43,5,3,1,NULL,NULL,2),(814,3,89,5,3,1,NULL,NULL,2),(815,3,89,4,2,1,NULL,NULL,2),(816,3,89,3,1,1,NULL,NULL,2),(817,3,89,2,1,1,NULL,NULL,2),(821,2,44,2,1,1,NULL,NULL,2),(822,2,44,3,1,1,NULL,NULL,2),(823,2,44,4,2,1,NULL,NULL,2),(824,2,44,5,3,1,NULL,NULL,2),(828,3,90,769,1,1,'true',NULL,41),(829,3,90,772,1,1,'true',NULL,41),(831,2,45,769,1,1,NULL,NULL,41),(832,2,45,772,1,1,NULL,NULL,41),(834,2,46,769,1,1,NULL,NULL,41),(835,2,46,772,1,1,NULL,NULL,41),(837,2,47,769,1,1,'true',NULL,41),(838,2,47,772,1,1,'true',NULL,41),(840,2,48,2,1,1,NULL,NULL,2),(841,2,48,3,1,1,NULL,NULL,2),(842,2,48,4,2,1,NULL,NULL,2),(843,2,48,5,3,1,NULL,NULL,2),(847,2,49,2,1,1,NULL,NULL,2),(848,2,49,3,1,1,NULL,NULL,2),(849,2,49,4,2,1,NULL,NULL,2),(850,2,49,5,3,1,NULL,NULL,2),(854,3,91,5,3,1,NULL,NULL,2),(855,3,91,4,2,1,NULL,NULL,2),(856,3,91,3,1,1,NULL,NULL,2),(857,3,91,2,1,1,NULL,NULL,2),(861,3,92,19,6,1,NULL,NULL,4),(862,3,92,17,5,1,NULL,NULL,4),(863,3,92,16,4,1,NULL,NULL,4),(864,3,92,5,3,1,NULL,NULL,4),(865,3,92,12,2,1,NULL,NULL,4),(866,3,92,4,1,1,NULL,NULL,4),(867,3,92,1,1,1,NULL,NULL,4),(868,3,93,5,3,1,NULL,NULL,3),(869,3,93,4,2,1,NULL,NULL,3),(870,3,93,3,1,1,NULL,NULL,3),(871,3,93,10,1,1,NULL,NULL,3),(875,3,97,19,6,1,NULL,NULL,4),(876,3,97,17,5,1,NULL,NULL,4),(877,3,97,16,4,1,NULL,NULL,4),(878,3,97,5,3,1,NULL,NULL,4),(879,3,97,12,2,1,NULL,NULL,4),(880,3,97,4,1,1,NULL,NULL,4),(881,3,97,1,1,1,NULL,NULL,4),(882,3,98,19,6,1,NULL,NULL,4),(883,3,98,17,5,1,NULL,NULL,4),(884,3,98,16,4,1,NULL,NULL,4),(885,3,98,5,3,1,NULL,NULL,4),(886,3,98,12,2,1,NULL,NULL,4),(887,3,98,4,1,1,NULL,NULL,4),(888,3,98,1,1,1,NULL,NULL,4),(889,2,50,2,1,1,'true',NULL,2),(890,2,50,3,1,1,'true',NULL,2),(891,2,50,4,2,1,'true',NULL,2),(892,2,50,5,3,1,'true',NULL,2),(896,2,51,2,1,1,'true',NULL,2),(897,2,51,3,1,1,'true',NULL,2),(898,2,51,4,2,1,'true',NULL,2),(899,2,51,5,3,1,'true',NULL,2),(903,2,52,2,1,1,NULL,NULL,2),(904,2,52,3,1,1,NULL,NULL,2),(905,2,52,4,2,1,NULL,NULL,2),(906,2,52,5,3,1,NULL,NULL,2),(910,3,99,5,3,1,'true',NULL,2),(911,3,99,4,2,1,'true',NULL,2),(912,3,99,3,1,1,'true',NULL,2),(913,3,99,2,1,1,'true',NULL,2),(917,3,100,5,3,1,'true',NULL,2),(918,3,100,4,2,1,'true',NULL,2),(919,3,100,3,1,1,'true',NULL,2),(920,3,100,2,1,1,'true',NULL,2),(924,3,104,5,3,1,'true',NULL,2),(925,3,104,4,2,1,'true',NULL,2),(926,3,104,3,1,1,'true',NULL,2),(927,3,104,2,1,1,'true',NULL,2),(931,3,105,5,3,1,'true',NULL,2),(932,3,105,4,2,1,'true',NULL,2),(933,3,105,3,1,1,'true',NULL,2),(934,3,105,2,1,1,'true',NULL,2),(938,3,106,5,3,1,'true',NULL,2),(939,3,106,4,2,1,'true',NULL,2),(940,3,106,3,1,1,'true',NULL,2),(941,3,106,2,1,1,'true',NULL,2),(945,3,107,5,3,1,'true',NULL,2),(946,3,107,4,2,1,'true',NULL,2),(947,3,107,3,1,1,'true',NULL,2),(948,3,107,2,1,1,'true',NULL,2),(952,3,108,792,1,1,'true',NULL,56),(953,3,108,793,1,1,'true',NULL,56),(955,2,53,792,1,1,NULL,NULL,56),(956,2,53,793,1,1,'reject','11',56),(958,2,54,792,1,1,NULL,NULL,56),(959,2,54,793,1,1,'reject','33',56),(961,2,55,792,1,1,NULL,NULL,56),(962,2,55,793,1,1,'reject','1',56),(964,2,56,792,1,1,NULL,NULL,56),(965,2,56,793,1,1,'reject','3',56),(967,2,57,792,1,1,NULL,NULL,56),(968,2,57,793,1,1,'reject','2',56),(970,2,58,792,1,1,NULL,NULL,56),(971,2,58,793,1,1,'reject','1',56),(973,2,59,792,1,1,NULL,NULL,56),(974,2,59,793,1,1,NULL,NULL,56),(976,3,114,796,1,1,NULL,NULL,63),(977,3,115,763,1,1,'true',NULL,38),(978,3,116,796,1,1,NULL,NULL,63),(979,2,60,763,1,1,'true',NULL,38),(980,2,61,763,1,1,'true',NULL,38),(981,3,117,801,1,1,'true',NULL,65),(982,3,120,801,1,1,'true',NULL,66),(983,3,121,803,1,1,'true',NULL,67),(984,2,62,763,1,1,'true',NULL,38),(985,2,63,763,1,1,'true',NULL,38),(986,2,64,763,1,1,'true',NULL,38),(987,2,65,763,1,1,'true',NULL,38),(988,3,123,813,1,1,'true',NULL,70),(989,2,66,813,1,1,'true',NULL,70);
/*!40000 ALTER TABLE `approval` ENABLE KEYS */;
UNLOCK TABLES;

--
-- Table structure for table `company`
--

DROP TABLE IF EXISTS `company`;
/*!40101 SET @saved_cs_client     = @@character_set_client */;
/*!50503 SET character_set_client = utf8mb4 */;
CREATE TABLE `company` (
  `id` int NOT NULL AUTO_INCREMENT,
  `custody_id` int NOT NULL,
  `business_number` varchar(50) CHARACTER SET utf8mb4 COLLATE utf8mb4_general_ci NOT NULL,
  `name` varchar(100) CHARACTER SET utf8mb4 COLLATE utf8mb4_general_ci DEFAULT NULL,
  `ceo` varchar(20) CHARACTER SET utf8mb4 COLLATE utf8mb4_general_ci DEFAULT NULL,
  `address` varchar(100) CHARACTER SET utf8mb4 COLLATE utf8mb4_general_ci DEFAULT NULL,
  `severity` varchar(10) COLLATE utf8mb4_general_ci DEFAULT NULL,
  `confirm_yn` tinyint(1) DEFAULT NULL,
  `confirm_date` datetime DEFAULT NULL,
  `re_confirm_date` datetime DEFAULT NULL,
  `create_date` datetime DEFAULT NULL,
  `use_yn` tinyint(1) DEFAULT NULL,
  PRIMARY KEY (`id`),
  KEY `company-custody_id-custody-id-fk_idx` (`custody_id`) USING BTREE
) ENGINE=InnoDB AUTO_INCREMENT=79 DEFAULT CHARSET=utf8mb4 COLLATE=utf8mb4_general_ci;
/*!40101 SET character_set_client = @saved_cs_client */;

--
-- Dumping data for table `company`
--

LOCK TABLES `company` WRITE;
/*!40000 ALTER TABLE `company` DISABLE KEYS */;
INSERT INTO `company` VALUES (1,1,'123-4567-890','블록오디세이','김오디','서울특별시 강남구 학동로 50길 16(논현동, 영빌딩)',NULL,NULL,NULL,NULL,NULL,NULL),(4,2,'123-4567-890','신규법인고객','김xx','서울특별시 강남구 학동로 50길 16(논현동, 영빌딩)',NULL,NULL,NULL,NULL,NULL,NULL),(5,3,'123-4567-890','QA테스트','블록오디세이','서울특별시 강남구 학동로 50길 16(논현동, 영빌딩)',NULL,NULL,NULL,NULL,NULL,NULL),(6,4,'123-4567-890','QA테스트','블록오디세이','서울특별시 강남구 학동로 50길 16(논현동, 영빌딩)',NULL,NULL,NULL,NULL,NULL,NULL),(7,5,'123-4567-890','호종테스트','호종','서울특별시 강남구 학동로 50길 16(논현동, 영빌딩)',NULL,NULL,NULL,NULL,NULL,NULL),(8,6,'123-4567-890','신규법인고객','월렛팀테스트','서울특별시 강남구 학동로 50길 16(논현동, 영빌딩)',NULL,NULL,NULL,NULL,NULL,NULL),(9,7,'123-4567-890','신규법인고객','로컬테스트','서울특별시 강남구 학동로 50길 16(논현동, 영빌딩)',NULL,NULL,NULL,NULL,NULL,NULL),(10,8,'123-4567-890','신규법인고객','김xx','서울특별시 강남구 학동로 50길 16(논현동, 영빌딩)',NULL,NULL,NULL,NULL,NULL,NULL),(11,9,'123-4567-890','신규법인고객','김xx','서울특별시 강남구 학동로 50길 16(논현동, 영빌딩)',NULL,NULL,NULL,NULL,NULL,NULL),(12,10,'232-334-522233','(주)테스트','손흥민','서울시 강남구 학동로 50길 16(논현동, 영빌딩)',NULL,NULL,NULL,NULL,NULL,NULL),(13,11,'123-4567-890','신규법인고객','QA','서울특별시 강남구 학동로 50길 16(논현동, 영빌딩)',NULL,NULL,NULL,NULL,NULL,NULL),(14,12,'123-4567-890','신규법인고객','66테스트','서울특별시 강남구 학동로 50길 16(논현동, 영빌딩)',NULL,NULL,NULL,NULL,NULL,NULL),(15,13,'123-4567-890','신규법인고객','66테스트','서울특별시 강남구 학동로 50길 16(논현동, 영빌딩)',NULL,NULL,NULL,NULL,NULL,NULL),(16,14,'123-4567-890','진솔테스트','진솔테스트','서울특별시 강남구 학동로 50길 16(논현동, 영빌딩)',NULL,NULL,NULL,NULL,NULL,NULL),(17,13,'123-4567-890','테스트 법인고객','김xx','서울특별시 강남구 학동로 50길 16(논현동, 영빌딩)',NULL,NULL,NULL,NULL,NULL,NULL),(18,10,'123-45-678901','블록오디세이','김블록','대한민국 서울 강남구 학동로 50길 16 영빌딩','중위험',1,'2024-05-25 00:00:00','2025-05-25 00:00:00','2024-05-23 15:06:56',1),(19,10,'123-45-678901','블록오디세이','김블록','대한민국 서울 강남구 학동로 50길 16 영빌딩','중위험',1,'2024-05-25 00:00:00','2025-05-25 00:00:00','2024-05-23 15:09:03',1),(20,10,'123-45-678901','어드민오디세이','김블록','대한민국 서울 강남구 학동로 50길 16 영빌딩','고위험',1,'2024-05-25 00:00:00','2025-05-25 00:00:00','2024-05-23 15:33:58',1),(21,10,'123-45-6789','q123','aaaff','aaazmzm','11',1,'1111-11-11 00:00:00','1112-05-01 00:00:00','2024-05-23 18:01:41',1),(22,10,'123-45-6789','q123','aaaff','aaazmzm','11',1,'1111-11-11 00:00:00','1112-05-01 00:00:00','2024-05-23 18:32:58',1),(23,10,'123-45-678901','블록오디세이','김블록','대한민국 서울 강남구 학동로 50길 16 영빌딩','중위험',1,'2024-05-25 00:00:00','2025-05-25 00:00:00','2024-05-27 10:22:31',1),(24,10,'123-45-678901','블록오디세이','김블록','대한민국 서울 강남구 학동로 50길 16 영빌딩','중위험',1,'2024-05-25 00:00:00','2025-05-25 00:00:00','2024-05-27 10:31:50',1),(25,10,'123-45-678901','테스트오디세이','용블록','대한민국 서울 강남구 학동로 50길 16 영빌딩','중위험',1,'2024-05-25 00:00:00','2025-05-25 00:00:00','2024-06-03 10:10:37',0),(26,10,'123-45-678901','테스트오디세이','용블록','대한민국 서울 강남구 학동로 50길 16 영빌딩','중위험',1,'2024-05-25 00:00:00','2025-05-25 00:00:00','2024-06-03 10:11:06',0),(27,14,'123-45-678901','0605용고객사','용블록','대한민국 서울 강남구 학동로 50길 16 영빌딩','중위험',1,'2024-05-25 00:00:00','2025-05-25 00:00:00','2024-06-05 14:22:43',0),(28,14,'123-45-678901','0605용고객사2','용블록','대한민국 서울 강남구 학동로 50길 16 영빌딩','중위험',1,'2024-05-25 00:00:00','2025-05-25 00:00:00','2024-06-05 14:27:02',0),(29,14,'123-45-678901','오디세이1','블록','대한민국 서울 강남구 학동로 50길 16 영빌딩','중위험',1,'2024-06-05 00:00:00','2025-06-05 00:00:00','2024-06-05 14:31:52',0),(30,14,'123-45-678901','0605용고객사3','용블록','대한민국 서울 강남구 학동로 50길 16 영빌딩','중위험',1,'2024-05-25 00:00:00','2025-05-25 00:00:00','2024-06-05 18:22:54',0),(31,16,'123-45-678901','오디세이06101','손블록','대한민국 서울 강남구 학동로 50길 16 올빌딩','중위험',1,'2024-06-10 00:00:00','2025-06-10 00:00:00','2024-06-10 16:44:33',1),(32,16,'123-45-678901','0610용고객사','용블록','대한민국 서울 강남구 학동로 50길 16 영빌딩','중위험',1,'2024-05-25 00:00:00','2025-05-25 00:00:00','2024-06-12 11:17:42',0),(33,16,'123-45-678901','0610용고객사','용블록','대한민국 서울 강남구 학동로 50길 16 영빌딩','중위험',1,'2024-05-25 00:00:00','2025-05-25 00:00:00','2024-06-12 11:19:09',0),(34,16,'123-45-678901','0610용고객사','용블록','대한민국 서울 강남구 학동로 50길 16 영빌딩','중위험',1,'2024-05-25 00:00:00','2025-05-25 00:00:00','2024-06-12 11:19:38',0),(35,16,'123-45-678901','0612용고객사','용블록','대한민국 서울 강남구 학동로 50길 16 영빌딩','중위험',1,'2024-05-25 00:00:00','2025-05-25 00:00:00','2024-06-12 11:22:50',0),(36,16,'123-45-678901','0612-2용고객사','용블록','대한민국 서울 강남구 학동로 50길 16 영빌딩','중위험',1,'2024-05-25 00:00:00','2025-05-25 00:00:00','2024-06-12 11:24:27',1),(37,16,'123-45-678901','0613테스트용고객사','용블록','대한민국 서울 강남구 학동로 50길 16 영빌딩','중위험',1,'2024-05-25 00:00:00','2025-05-25 00:00:00','2024-06-13 12:24:21',1),(38,10,'123-45-678901','0605용고객사','용블록','대한민국 서울 강남구 학동로 50길 16 영빌딩','m',1,'2024-05-25 00:00:00','2025-05-25 00:00:00','2024-06-13 13:44:15',0),(39,10,'123-45-678901','0605용고객사','용블록','대한민국 서울 강남구 학동로 50길 16 영빌딩','m',1,'2024-05-25 00:00:00','2025-05-25 00:00:00','2024-06-13 13:47:02',0),(40,17,'123-45-678901','0613테스트용고객사','용블록','대한민국 서울 강남구 학동로 50길 16 영빌딩','중위험',1,'2024-05-25 00:00:00','2025-05-25 00:00:00','2024-06-13 13:50:26',1),(41,10,'123-45-678901','0605용고객사','용블록','대한민국 서울 강남구 학동로 50길 16 영빌딩','m',1,'2024-05-25 00:00:00','2025-05-25 00:00:00','2024-06-13 13:54:46',0),(42,10,'123-45-678901','0605용고객사','용블록','대한민국 서울 강남구 학동로 50길 16 영빌딩','m',1,'2024-05-25 00:00:00','2025-05-25 00:00:00','2024-06-13 13:55:12',0),(43,10,'123-45-678901','0605용고객사','용블록','대한민국 서울 강남구 학동로 50길 16 영빌딩','m',1,'2024-05-25 00:00:00','2025-05-25 00:00:00','2024-06-13 13:57:36',0),(44,18,'123-45-678901','0617데모고객사','김블록','대한민국 서울 강남구 학동로 50길 16 영빌딩','저위험',1,'2024-05-25 00:00:00','2025-05-25 00:00:00','2024-06-13 14:39:55',1),(45,17,'123-45-678901','0605용고객사','용블록','대한민국 서울 강남구 학동로 50길 16 영빌딩','중위',1,'2024-05-25 00:00:00','2025-05-25 00:00:00','2024-06-14 14:31:29',0),(46,17,'123-45-678901','0605용고객사','용블록','대한민국 서울 강남구 학동로 50길 16 영빌딩','중위험',1,'2024-05-25 00:00:00','2025-05-25 00:00:00','2024-06-14 14:32:03',0),(47,17,'123-45-678901','0605용고객사','용블록','대한민국 서울 강남구 학동로 50길 16 영빌딩','중위험',1,'2024-05-25 00:00:00','2025-05-25 00:00:00','2024-06-14 16:15:24',0),(48,17,'123-45-678901','0605용고객사','용블록','대한민국 서울 강남구 학동로 50길 16 영빌딩','중위험',1,'2024-05-25 00:00:00','2025-05-25 00:00:00','2024-06-14 16:23:13',1),(49,17,'123-45-678901','0605용고객사','용블록','대한민국 서울 강남구 학동로 50길 16 영빌딩','중위험',1,'2024-05-25 00:00:00','2025-05-25 00:00:00','2024-06-14 16:33:46',0),(50,17,'123-45-678901','0605용고객사','용블록','대한민국 서울 강남구 학동로 50길 16 영빌딩','중위험',1,'2024-05-25 00:00:00','2025-05-25 00:00:00','2024-06-16 20:17:11',0),(51,17,'123-45-678901','0613고객사','용블록','대한민국 서울 강남구 학동로 50길 16 영빌딩','중위험',1,'2024-05-25 00:00:00','2025-05-25 00:00:00','2024-06-16 20:23:17',0),(52,17,'123-45-678901','0614고객사','용블록','대한민국 서울 강남구 학동로 50길 16 영빌딩','중위험',0,'2024-05-25 00:00:00','2025-05-25 00:00:00','2024-06-16 20:29:31',0),(53,17,'123-45-678901','0614고객사','용블록','대한민국 서울 강남구 학동로 50길 16 영빌딩','중위험',1,'2024-05-25 00:00:00','2025-05-25 00:00:00','2024-06-16 20:37:01',0),(54,17,'123-45-678901','0614고객사','용블록','대한민국 서울 강남구 학동로 50길 16 영빌딩','중위험',1,'2024-05-25 00:00:00','2025-05-25 00:00:00','2024-06-16 20:44:33',0),(55,17,'123-45-678901','0111고객사','용블록','대한민국 서울 강남구 학동로 50길 16 영빌딩','중위험',1,'2024-05-25 00:00:00','2025-05-25 00:00:00','2024-06-16 20:44:57',0),(56,17,'123-45-678901','0614고객사','용블록','대한민국 서울 강남구 학동로 50길 16 영빌딩','중위험',1,'2024-05-25 00:00:00','2025-05-25 00:00:00','2024-06-16 20:51:31',0),(57,17,'123-45-678901','0614고객사','용블록','대한민국 서울 강남구 학동로 50길 16 영빌딩','중위험',1,'2024-05-25 00:00:00','2025-05-25 00:00:00','2024-06-16 21:05:54',0),(58,17,'123-45-678901','0614고객사','용블록','대한민국 서울 강남구 학동로 50길 16 영빌딩','중위험',1,'2024-05-25 00:00:00','2025-05-25 00:00:00','2024-06-16 21:14:31',0),(59,17,'35123','adsgads','wetq','GB 서울 강남구 테헤란로 125 (역삼동, D.A디에이성형외과) asegae','중위험',1,'2024-06-25 00:00:00','2024-06-25 00:00:00','2024-06-16 23:58:20',0),(60,17,'undefined','undefined','wetq','undefined undefined undefined','중위험',1,'2024-06-25 00:00:00','2024-06-25 00:00:00','2024-06-17 00:08:21',0),(61,17,'2351235','12351235','wetq','US 서울 강남구 테헤란로 125 (역삼동, D.A디에이성형외과) 351235','중위험',1,'2024-06-25 00:00:00','2024-06-25 00:00:00','2024-06-17 00:09:32',0),(62,17,'2351235','12351235','wetq','US 서울 강남구 테헤란로 125 (역삼동, D.A디에이성형외과) 351235','중위험',1,'2024-06-25 00:00:00','2024-06-25 00:00:00','2024-06-17 00:14:27',0),(63,17,'2351235','12351235','wetq','US 서울 강남구 테헤란로 125 (역삼동, D.A디에이성형외과) 351235','중위험',1,'2024-06-25 00:00:00','2024-06-25 00:00:00','2024-06-17 00:17:59',0),(64,17,'undefined','undefined','','undefined undefined undefined','중위험',1,'2024-06-25 00:00:00','2024-06-25 00:00:00','2024-06-17 00:25:50',0),(65,17,'undefined','undefined','','undefined undefined undefined','저위험',1,'2024-06-03 00:00:00','2024-06-10 00:00:00','2024-06-17 01:00:35',0),(66,19,'123-45-678901','0617QA고객사','김블록','대한민국 서울 강남구 학동로 50길 16 영빌딩','저위험',1,'2024-05-25 00:00:00','2025-05-25 00:00:00','2024-06-17 11:11:22',1),(67,19,'123-45-678901','0617QA고객사-2','김블록','대한민국 서울 강남구 학동로 50길 16 영빌딩','저위험',1,'2024-05-25 00:00:00','2025-05-25 00:00:00','2024-06-17 11:19:36',0),(68,18,'123-45-678901','0618고객사','김블록','대한민국 서울 강남구 학동로 50길 16 영빌딩','저위험',1,'2024-05-25 00:00:00','2025-05-25 00:00:00','2024-06-18 16:11:44',1),(69,18,'123-45-678901','0618고객사2','김블록','대한민국 서울 강남구 학동로 50길 16 영빌딩','저위험',1,'2024-05-25 00:00:00','2025-05-25 00:00:00','2024-06-18 16:13:34',0),(70,18,'123-45-678901','수정테스트','김블록','대한민국 서울 강남구 학동로 50길 16 영빌딩','저위험',1,'2024-05-25 00:00:00','2025-05-25 00:00:00','2024-06-18 17:40:02',1),(71,18,'123-45-678901','수정테스트1','김블록','대한민국 서울 강남구 학동로 50길 16 영빌딩','저위험',1,'2024-05-25 00:00:00','2025-05-25 00:00:00','2024-06-18 17:50:46',1),(72,17,'12312312','123','rtwert','US 서울 강남구 테헤란로 125 (역삼동, D.A디에이성형외과) 12312','중위험',0,'2024-06-11 00:00:00','2024-06-03 00:00:00','2024-06-19 09:52:50',0),(73,17,'12312312','123','rtwert','US 서울 강남구 테헤란로 125 (역삼동, D.A디에이성형외과) 12312','중위험',0,'2024-06-11 00:00:00','2024-06-03 00:00:00','2024-06-19 09:54:58',0),(74,17,'12312312','123','rtwert','US 서울 강남구 테헤란로 125 (역삼동, D.A디에이성형외과) 12312','중위험',0,'2024-06-11 00:00:00','2024-06-03 00:00:00','2024-06-19 10:47:11',1),(75,17,'123','123','ㅁㄴㅇㅁ','US 서울 강남구 테헤란로 125 (역삼동, D.A디에이성형외과) 123','중위험',0,'2024-06-04 00:00:00','2024-06-05 00:00:00','2024-06-19 11:05:59',1),(76,17,'124124','1241','asdf','US 서울 강남구 테헤란로 125 (역삼동, D.A디에이성형외과) asdfasdf','중위험',0,'2024-06-05 00:00:00','2024-06-03 00:00:00','2024-06-19 20:05:44',0),(77,25,'1234123412341','테스트1','테스트','KR 서울 강남구 강남대로 328 (역삼동, 강남역 쉐르빌) 2층','저위험',0,'2024-06-01 00:00:00','2024-06-08 00:00:00','2024-06-24 13:48:10',0),(78,1,'123-4567-890','블록오디세이','김xx','서울특별시 강남구 학동로 50길 16(논현동, 영빌딩)',NULL,NULL,NULL,NULL,NULL,NULL);
/*!40000 ALTER TABLE `company` ENABLE KEYS */;
UNLOCK TABLES;

--
-- Table structure for table `company_approval_line`
--

DROP TABLE IF EXISTS `company_approval_line`;
/*!40101 SET @saved_cs_client     = @@character_set_client */;
/*!50503 SET character_set_client = utf8mb4 */;
CREATE TABLE `company_approval_line` (
  `id` int NOT NULL AUTO_INCREMENT,
  `company_id` int NOT NULL,
  `event_type_id` int NOT NULL COMMENT '1:지갑, 2:출금, 3:화이트리스트, 4:네트워크',
  `wallet_id` int DEFAULT NULL,
  `name` varchar(20) CHARACTER SET utf8mb4 COLLATE utf8mb4_general_ci DEFAULT NULL,
  `role` varchar(20) CHARACTER SET utf8mb4 COLLATE utf8mb4_general_ci DEFAULT NULL,
  `seq` int DEFAULT NULL,
  `step` int DEFAULT NULL,
  `user_id` int DEFAULT NULL,
  PRIMARY KEY (`id`),
  KEY `company_approval_line-company_activity_type_id-company_acti_idx` (`event_type_id`) USING BTREE,
  KEY `company_approval_line-company_id-company-id-fk_idx` (`company_id`) USING BTREE,
  KEY `company_approval_line-user_id-user-id-fk_idx` (`user_id`) USING BTREE,
  KEY `company_approval_line-wallet_id-wallet-id-fk_idx` (`wallet_id`) USING BTREE
) ENGINE=InnoDB AUTO_INCREMENT=147 DEFAULT CHARSET=utf8mb4 COLLATE=utf8mb4_general_ci;
/*!40101 SET character_set_client = @saved_cs_client */;

--
-- Dumping data for table `company_approval_line`
--

LOCK TABLES `company_approval_line` WRITE;
/*!40000 ALTER TABLE `company_approval_line` DISABLE KEYS */;
INSERT INTO `company_approval_line` VALUES (7,1,2,2,'손창호','F',1,1,2),(8,1,2,2,'중간승인자01','A',1,1,3),(9,1,2,2,'중간승인자02','A',2,1,4),(10,1,2,2,'중간승인자03','A',3,1,5),(11,1,3,2,'손창호','F',1,1,2),(12,1,3,2,'중간승인자01','A',1,1,3),(13,1,3,2,'중간승인자02','A',2,1,4),(14,1,3,2,'중간승인자03','A',3,1,5),(15,1,2,3,'뷰어01','F',1,1,10),(16,1,2,3,'중간승인자01','A',1,1,3),(17,1,2,3,'중간승인자02','A',2,1,4),(18,1,2,3,'중간승인자03','A',3,1,5),(19,1,3,3,'뷰어01','F',1,1,10),(20,1,3,3,'중간승인자01','A',1,1,3),(21,1,3,3,'중간승인자02','A',2,1,4),(22,1,3,3,'중간승인자03','A',3,1,5),(55,1,2,4,'최승용','F',1,1,1),(56,1,2,4,'중간승인자02','A',1,1,4),(57,1,2,4,'하헌성','A',2,1,12),(58,1,2,4,'중간승인자03','A',3,1,5),(59,1,2,4,'테스트03','A',4,1,16),(60,1,2,4,'테스트04','A',5,1,17),(61,1,2,4,'테스트06','A',6,1,19),(62,1,3,4,'최승용','F',1,1,1),(63,1,3,4,'중간승인자02','A',1,1,4),(64,1,3,4,'하헌성','A',2,1,12),(65,1,3,4,'중간승인자03','A',3,1,5),(66,1,3,4,'테스트03','A',4,1,16),(67,1,3,4,'테스트04','A',5,1,17),(68,1,3,4,'테스트06','A',6,1,19),(69,4,2,12,'매니저001','F',1,1,716),(70,4,2,12,'매니저002','A',1,1,717),(71,4,2,12,'매니저004','A',2,1,719),(72,4,2,12,'매니저003','A',3,1,718),(73,4,3,12,'매니저001','F',1,1,716),(74,4,3,12,'매니저002','A',1,1,717),(75,4,3,12,'매니저004','A',2,1,719),(76,4,3,12,'매니저003','A',3,1,718),(77,4,2,13,'매니저002','F',1,1,717),(78,4,2,13,'매니저001','A',1,1,716),(79,4,2,13,'매니저004','A',2,1,719),(80,4,3,13,'매니저002','F',1,1,717),(81,4,3,13,'매니저001','A',1,1,716),(82,4,3,13,'매니저004','A',2,1,719),(83,4,2,14,'매니저005','F',1,1,720),(84,4,2,14,'매니저001','A',1,1,716),(85,4,3,14,'매니저005','F',1,1,720),(86,4,3,14,'매니저001','A',1,1,716),(91,4,2,15,'매니저004','F',1,1,719),(92,4,3,15,'매니저004','F',1,1,719),(93,5,2,17,'이호은','F',1,1,726),(94,5,2,17,'매니저01','A',1,1,727),(95,5,2,17,'매니저04','A',2,1,730),(96,5,3,17,'이호은','F',1,1,726),(97,5,3,17,'매니저01','A',1,1,727),(98,5,3,17,'매니저04','A',2,1,730),(107,1,2,1,'중간승인자02','F',1,1,4),(108,1,2,1,'김영호','A',1,1,11),(109,1,2,1,'중간승인자03','A',2,1,5),(110,1,2,1,'테스트05','A',3,1,18),(111,1,2,1,'테스트06','A',4,1,19),(112,1,3,1,'중간승인자02','F',1,1,4),(113,1,3,1,'김영호','A',1,1,11),(114,1,3,1,'중간승인자03','A',2,1,5),(115,1,3,1,'테스트05','A',3,1,18),(116,1,3,1,'테스트06','A',4,1,19),(117,7,2,35,'호종','F',1,1,763),(118,7,3,35,'호종','F',1,1,763),(119,10,2,41,'법인고객마스터','F',1,1,769),(120,10,2,41,'맨이저01','A',1,1,772),(121,10,3,41,'법인고객마스터','F',1,1,769),(122,10,3,41,'맨이저01','A',1,1,772),(123,13,2,43,'QA테스트 마스터계정','F',1,1,777),(124,13,2,43,'김진현','A',1,1,782),(125,13,3,43,'QA테스트 마스터계정','F',1,1,777),(126,13,3,43,'김진현','A',1,1,782),(127,27,2,56,'손블록','F',1,1,792),(128,27,2,56,'승용최','A',1,1,793),(129,27,3,56,'손블록','F',1,1,792),(130,27,3,56,'승용최','A',1,1,793),(131,31,2,64,'0610대표계정','F',1,1,796),(132,31,3,64,'0610대표계정','F',1,1,796),(133,31,2,63,'0610대표계정','F',1,1,796),(134,31,3,63,'0610대표계정','F',1,1,796),(135,7,2,38,'호종','F',1,1,763),(136,7,3,38,'호종','F',1,1,763),(137,37,2,65,'0613','F',1,1,801),(138,37,3,65,'0613','F',1,1,801),(139,37,2,66,'0613','F',1,1,801),(140,37,3,66,'0613','F',1,1,801),(143,66,2,70,'QA클라이언트대표계정','F',1,1,813),(144,66,3,70,'QA클라이언트대표계정','F',1,1,813),(145,40,2,67,'0613c','F',1,1,803),(146,40,3,67,'0613c','F',1,1,803);
/*!40000 ALTER TABLE `company_approval_line` ENABLE KEYS */;
UNLOCK TABLES;

--
-- Table structure for table `company_event_type`
--

DROP TABLE IF EXISTS `company_event_type`;
/*!40101 SET @saved_cs_client     = @@character_set_client */;
/*!50503 SET character_set_client = utf8mb4 */;
CREATE TABLE `company_event_type` (
  `id` int NOT NULL,
  `type` varchar(20) COLLATE utf8mb4_general_ci DEFAULT NULL COMMENT '1:지갑, 2:출금, 3:화이트리스트, 4:네트워크',
  PRIMARY KEY (`id`)
) ENGINE=InnoDB DEFAULT CHARSET=utf8mb4 COLLATE=utf8mb4_general_ci;
/*!40101 SET character_set_client = @saved_cs_client */;

--
-- Dumping data for table `company_event_type`
--

LOCK TABLES `company_event_type` WRITE;
/*!40000 ALTER TABLE `company_event_type` DISABLE KEYS */;
INSERT INTO `company_event_type` VALUES (1,'지갑'),(2,'출금'),(3,'화이트리스트'),(4,'네트워크');
/*!40000 ALTER TABLE `company_event_type` ENABLE KEYS */;
UNLOCK TABLES;

--
-- Table structure for table `company_network_listing`
--

DROP TABLE IF EXISTS `company_network_listing`;
/*!40101 SET @saved_cs_client     = @@character_set_client */;
/*!50503 SET character_set_client = utf8mb4 */;
CREATE TABLE `company_network_listing` (
  `id` int NOT NULL AUTO_INCREMENT,
  `company_id` int NOT NULL,
  `network_id` int NOT NULL,
  PRIMARY KEY (`id`),
  KEY `company_network_listing-company_id-company-id-fk_idx` (`company_id`) USING BTREE,
  KEY `company_network_listing-network_id-network-id-fk_idx` (`network_id`) USING BTREE
) ENGINE=InnoDB AUTO_INCREMENT=467 DEFAULT CHARSET=utf8mb4 COLLATE=utf8mb4_general_ci;
/*!40101 SET character_set_client = @saved_cs_client */;

--
-- Dumping data for table `company_network_listing`
--

LOCK TABLES `company_network_listing` WRITE;
/*!40000 ALTER TABLE `company_network_listing` DISABLE KEYS */;
INSERT INTO `company_network_listing` VALUES (1,1,1),(2,1,5),(3,4,1),(4,4,2),(5,4,3),(6,4,4),(7,4,5),(10,5,1),(11,5,2),(12,5,3),(13,5,4),(14,5,5),(17,6,1),(18,6,2),(19,6,3),(20,6,4),(21,6,5),(24,1,2),(25,1,3),(26,2,4),(27,7,1),(28,7,2),(29,7,3),(30,7,4),(31,7,5),(32,8,1),(33,8,2),(34,8,3),(35,8,4),(36,8,5),(39,9,1),(40,9,2),(41,9,3),(42,9,4),(43,9,5),(46,10,1),(47,10,2),(48,10,3),(49,10,4),(50,10,5),(53,11,1),(54,11,2),(55,11,3),(56,11,4),(57,11,5),(60,13,1),(61,13,2),(62,13,3),(63,13,4),(64,13,5),(67,14,1),(68,14,2),(69,14,3),(70,14,4),(71,14,5),(74,15,1),(75,15,2),(76,15,3),(77,15,4),(78,15,5),(81,1,4),(82,16,1),(83,16,2),(84,16,3),(85,16,4),(86,16,5),(89,17,1),(90,17,2),(91,17,3),(92,17,4),(93,17,5),(96,26,1),(97,26,2),(98,26,3),(99,26,4),(100,26,5),(103,27,1),(104,27,2),(105,27,3),(106,27,4),(107,27,5),(110,28,1),(111,28,2),(112,28,3),(113,28,4),(114,28,5),(117,29,1),(118,29,2),(119,29,3),(120,29,4),(121,29,5),(124,30,1),(125,30,2),(126,30,3),(127,30,4),(128,30,5),(131,31,1),(132,31,2),(133,31,3),(134,31,4),(135,31,5),(138,32,1),(139,32,2),(140,32,3),(141,32,4),(142,32,5),(145,33,1),(146,33,2),(147,33,3),(148,33,4),(149,33,5),(152,34,1),(153,34,2),(154,34,3),(155,34,4),(156,34,5),(159,35,1),(160,35,2),(161,35,3),(162,35,4),(163,35,5),(166,36,1),(167,36,2),(168,36,3),(169,36,4),(170,36,5),(173,37,1),(174,37,2),(175,37,3),(176,37,4),(177,37,5),(180,38,1),(181,38,2),(182,38,3),(183,38,4),(184,38,5),(187,39,1),(188,39,2),(189,39,3),(190,39,4),(191,39,5),(194,40,1),(195,40,2),(196,40,3),(197,40,4),(198,40,5),(201,41,1),(202,41,2),(203,41,3),(204,41,4),(205,41,5),(208,42,1),(209,42,2),(210,42,3),(211,42,4),(212,42,5),(215,43,1),(216,43,2),(217,43,3),(218,43,4),(219,43,5),(222,44,1),(223,44,2),(224,44,3),(225,44,4),(226,44,5),(229,45,1),(230,45,2),(231,45,3),(232,45,4),(233,45,5),(236,46,1),(237,46,2),(238,46,3),(239,46,4),(240,46,5),(243,47,1),(244,47,2),(245,47,3),(246,47,4),(247,47,5),(250,48,1),(251,48,2),(252,48,3),(253,48,4),(254,48,5),(257,49,1),(258,49,2),(259,49,3),(260,49,4),(261,49,5),(264,50,1),(265,50,2),(266,50,3),(267,50,4),(268,50,5),(271,51,1),(272,51,2),(273,51,3),(274,51,4),(275,51,5),(278,52,1),(279,52,2),(280,52,3),(281,52,4),(282,52,5),(285,53,1),(286,53,2),(287,53,3),(288,53,4),(289,53,5),(292,54,1),(293,54,2),(294,54,3),(295,54,4),(296,54,5),(299,55,1),(300,55,2),(301,55,3),(302,55,4),(303,55,5),(306,56,1),(307,56,2),(308,56,3),(309,56,4),(310,56,5),(313,57,1),(314,57,2),(315,57,3),(316,57,4),(317,57,5),(320,58,1),(321,58,2),(322,58,3),(323,58,4),(324,58,5),(327,59,1),(328,59,2),(329,59,3),(330,59,4),(331,59,5),(334,60,1),(335,60,2),(336,60,3),(337,60,4),(338,60,5),(341,61,1),(342,61,2),(343,61,3),(344,61,4),(345,61,5),(348,62,1),(349,62,2),(350,62,3),(351,62,4),(352,62,5),(355,63,1),(356,63,2),(357,63,3),(358,63,4),(359,63,5),(362,64,1),(363,64,2),(364,64,3),(365,64,4),(366,64,5),(369,65,1),(370,65,2),(371,65,3),(372,65,4),(373,65,5),(376,66,1),(377,66,2),(378,66,3),(379,66,4),(380,66,5),(383,67,1),(384,67,2),(385,67,3),(386,67,4),(387,67,5),(390,68,1),(391,68,2),(392,68,3),(393,68,4),(394,68,5),(397,69,1),(398,69,2),(399,69,3),(400,69,4),(401,69,5),(404,70,1),(405,70,2),(406,70,3),(407,70,4),(408,70,5),(411,71,1),(412,71,2),(413,71,3),(414,71,4),(415,71,5),(418,72,1),(419,72,2),(420,72,3),(421,72,4),(422,72,5),(425,73,1),(426,73,2),(427,73,3),(428,73,4),(429,73,5),(432,74,1),(433,74,2),(434,74,3),(435,74,4),(436,74,5),(439,75,1),(440,75,2),(441,75,3),(442,75,4),(443,75,5),(446,76,1),(447,76,2),(448,76,3),(449,76,4),(450,76,5),(453,77,1),(454,77,2),(455,77,3),(456,77,4),(457,77,5),(460,78,1),(461,78,2),(462,78,3),(463,78,4),(464,78,5);
/*!40000 ALTER TABLE `company_network_listing` ENABLE KEYS */;
UNLOCK TABLES;

--
-- Table structure for table `company_withdraw_whitelist`
--

DROP TABLE IF EXISTS `company_withdraw_whitelist`;
/*!40101 SET @saved_cs_client     = @@character_set_client */;
/*!50503 SET character_set_client = utf8mb4 */;
CREATE TABLE `company_withdraw_whitelist` (
  `id` int NOT NULL AUTO_INCREMENT,
  `company_id` int NOT NULL,
  `network_id` int NOT NULL,
  `name` varchar(20) CHARACTER SET utf8mb4 COLLATE utf8mb4_general_ci DEFAULT NULL,
  `address` varchar(100) CHARACTER SET utf8mb4 COLLATE utf8mb4_general_ci DEFAULT NULL,
  `active_yn` char(1) CHARACTER SET utf8mb4 COLLATE utf8mb4_general_ci NOT NULL DEFAULT 'Y',
  `owner` varchar(50) COLLATE utf8mb4_general_ci DEFAULT NULL,
  `owner_address` varchar(200) COLLATE utf8mb4_general_ci DEFAULT NULL,
  `owner_callnumber` varchar(100) COLLATE utf8mb4_general_ci DEFAULT NULL,
  `update_date` datetime DEFAULT NULL,
  `create_date` datetime DEFAULT NULL,
  PRIMARY KEY (`id`),
  KEY `company_withdraw_whitelist-company_id-company-id-fk_idx` (`company_id`) USING BTREE,
  KEY `company_withdraw_whitelist-network_id-network-id-fk_idx` (`network_id`) USING BTREE
) ENGINE=InnoDB AUTO_INCREMENT=13 DEFAULT CHARSET=utf8mb4 COLLATE=utf8mb4_general_ci;
/*!40101 SET character_set_client = @saved_cs_client */;

--
-- Dumping data for table `company_withdraw_whitelist`
--

LOCK TABLES `company_withdraw_whitelist` WRITE;
/*!40000 ALTER TABLE `company_withdraw_whitelist` DISABLE KEYS */;
INSERT INTO `company_withdraw_whitelist` VALUES (1,1,2,'test change name ','0xAdF5da9e69c676FB732eFD3e6291D2515d30C6fb','Y','박블록','서울시 강남구 학동로 23','010-2022-0333','2024-04-23 15:43:29','2024-04-18 17:40:06'),(2,1,2,'real test wallet','0x3C7D11D04C83908b8e8214e370758037D5763D3c','Y','김세이','서울시 은평구 오디로 323','010-2209-9444',NULL,'2024-04-23 16:26:28'),(3,7,2,'진솔','0xf423B9D3AD821462Ec6de7Ece61E4Fb72e3324f4','Y','커스터디',' ','01012345678',NULL,'2024-05-13 16:50:42'),(4,10,2,'출금','0x248E079545E09Dd910cbAd55E97A778629b96862','Y','66테스트',' ','1',NULL,'2024-05-14 17:22:49'),(5,1,2,'test only','0xtest12DWEQWEDWEerererwewe98383wwdfkklsls','N','이테스터','서울시 강남구 선정릉 2','010-2222-3333','2024-06-03 11:05:08','2024-06-03 11:02:35'),(6,1,2,'삭제용','0xtestQSDF232SFEFEFCBBBRSSDFSsddfqwrrttt224224','N','손','서울시 강남구 인터페이스 플랫폼','01023340543',NULL,'2024-06-04 09:49:47'),(7,27,2,'sepolia','0x248E079545E09Dd910cbAd55E97A778629b96862','Y','gg',' ','1',NULL,'2024-06-10 10:14:53'),(8,7,5,'멀티시그 테스트','0x7DBd4c13144792840045304b162700F667033adB','Y','용컴퍼니',NULL,'123',NULL,NULL),(9,37,5,'출금매틱','0x248E079545E09Dd910cbAd55E97A778629b96862','Y','0613',' ','1',NULL,'2024-06-13 12:34:08'),(10,37,2,'출금이더','0x248E079545E09Dd910cbAd55E97A778629b96862','Y','0613',' ','1',NULL,'2024-06-13 12:30:45'),(11,40,2,'출금이더','0x248E079545E09Dd910cbAd55E97A778629b96862','Y','1',' ','1',NULL,'2024-06-13 13:58:15'),(12,66,2,'ETH출금주소테스트','0x248E079545E09Dd910cbAd55E97A778629b96862','Y','QA',' ','01012345678',NULL,'2024-06-17 12:12:00');
/*!40000 ALTER TABLE `company_withdraw_whitelist` ENABLE KEYS */;
UNLOCK TABLES;

--
-- Table structure for table `request_event`
--

DROP TABLE IF EXISTS `request_event`;
/*!40101 SET @saved_cs_client     = @@character_set_client */;
/*!50503 SET character_set_client = utf8mb4 */;
CREATE TABLE `request_event` (
  `id` int NOT NULL AUTO_INCREMENT,
  `user_id` int DEFAULT NULL,
  `event_type_id` int DEFAULT NULL COMMENT '1:지갑, 2:출금, 3:화이트리스트, 4:네트워크',
  `table_id` int DEFAULT NULL,
  `current_seq` int DEFAULT NULL,
  `current_step` int DEFAULT NULL,
  `status` varchar(20) CHARACTER SET utf8mb4 COLLATE utf8mb4_general_ci DEFAULT NULL,
  PRIMARY KEY (`id`),
  KEY `user_event-event_type_id-company_event_type-id-fk_idx` (`event_type_id`) USING BTREE,
  KEY `user_event-user_id-user-id-fk_idx` (`user_id`) USING BTREE
) ENGINE=InnoDB AUTO_INCREMENT=280 DEFAULT CHARSET=utf8mb4 COLLATE=utf8mb4_general_ci;
/*!40101 SET character_set_client = @saved_cs_client */;

--
-- Dumping data for table `request_event`
--

LOCK TABLES `request_event` WRITE;
/*!40000 ALTER TABLE `request_event` DISABLE KEYS */;
INSERT INTO `request_event` VALUES (1,1,1,1,NULL,NULL,'W-SUCCESS'),(2,1,1,2,NULL,NULL,'W-SUCCESS'),(3,1,1,3,NULL,NULL,'W-SUCCESS'),(4,1,1,4,NULL,NULL,'A-SUCCESS'),(5,2,3,1,NULL,NULL,'C-SUCCESS'),(6,2,2,1,NULL,NULL,'C-REJECT'),(7,2,2,2,NULL,NULL,'C-SUCCESS'),(8,2,2,3,NULL,NULL,'C-SUCCESS'),(9,2,2,4,NULL,NULL,'C-REJECT'),(10,2,2,5,NULL,NULL,'WAIT'),(11,2,2,6,NULL,NULL,'WAIT'),(12,2,2,7,NULL,NULL,'WAIT'),(13,2,2,8,NULL,NULL,'WAIT'),(14,2,2,9,NULL,NULL,'WAIT'),(15,2,2,10,NULL,NULL,'WAIT'),(16,2,2,11,NULL,NULL,'WAIT'),(17,2,2,12,NULL,NULL,'WAIT'),(18,2,2,13,NULL,NULL,'C-REJECT'),(19,2,2,14,NULL,NULL,'C-REJECT'),(20,2,2,15,NULL,NULL,'WAIT'),(21,2,2,16,NULL,NULL,'WAIT'),(22,2,2,17,NULL,NULL,'WAIT'),(23,2,2,18,NULL,NULL,'WAIT'),(24,11,1,5,NULL,NULL,'C-SUCCESS'),(25,11,1,6,NULL,NULL,'C-SUCCESS'),(26,11,1,7,NULL,NULL,'C-SUCCESS'),(27,11,1,8,NULL,NULL,'C-SUCCESS'),(28,11,1,9,NULL,NULL,'C-SUCCESS'),(29,12,3,2,NULL,NULL,'A-SUCCESS'),(30,12,3,3,NULL,NULL,'C-REJECT'),(31,12,3,4,NULL,NULL,'WAIT'),(32,11,1,10,NULL,NULL,'C-SUCCESS'),(33,12,3,5,NULL,NULL,'WAIT'),(34,12,3,6,NULL,NULL,'WAIT'),(35,12,3,7,NULL,NULL,'WAIT'),(36,12,3,8,NULL,NULL,'WAIT'),(37,12,3,9,NULL,NULL,'WAIT'),(38,12,3,10,NULL,NULL,'WAIT'),(39,12,3,11,NULL,NULL,'WAIT'),(40,2,3,12,NULL,NULL,'WAIT'),(41,2,3,13,NULL,NULL,'C-SUCCESS'),(42,2,3,14,NULL,NULL,'C-SUCCESS'),(43,11,1,11,NULL,NULL,'C-SUCCESS'),(44,2,3,15,NULL,NULL,'C-SUCCESS'),(45,2,2,19,NULL,NULL,'WAIT'),(46,2,2,20,NULL,NULL,'WAIT'),(47,2,3,16,NULL,NULL,'WAIT'),(48,1,4,2,NULL,NULL,'A-SUCCESS'),(49,2,3,17,NULL,NULL,'WAIT'),(50,1,4,3,NULL,NULL,'A-SUCCESS'),(51,2,3,18,NULL,NULL,'WAIT'),(52,700,2,21,NULL,NULL,'WAIT'),(53,700,2,22,NULL,NULL,'WAIT'),(54,700,2,23,NULL,NULL,'WAIT'),(55,715,1,12,NULL,NULL,'A-SUCCESS'),(56,715,1,13,NULL,NULL,'A-SUCCESS'),(57,715,1,14,NULL,NULL,'A-SUCCESS'),(58,715,1,15,NULL,NULL,'A-SUCCESS'),(59,715,1,16,NULL,NULL,'A-SUCCESS'),(60,715,4,4,NULL,NULL,'C-SUCCESS'),(61,12,4,5,NULL,NULL,'C-SUCCESS'),(62,12,4,6,NULL,NULL,'C-SUCCESS'),(63,12,4,7,NULL,NULL,'C-SUCCESS'),(64,12,4,8,NULL,NULL,'C-SUCCESS'),(65,726,1,17,NULL,NULL,'A-SUCCESS'),(66,726,1,18,NULL,NULL,'A-SUCCESS'),(67,726,1,19,NULL,NULL,'A-SUCCESS'),(68,726,4,9,NULL,NULL,'A-SUCCESS'),(69,700,2,24,NULL,NULL,'WAIT'),(70,700,2,25,NULL,NULL,'WAIT'),(71,749,1,20,NULL,NULL,'C-SUCCESS'),(72,749,1,21,NULL,NULL,'C-SUCCESS'),(73,700,2,26,NULL,NULL,'WAIT'),(74,700,2,27,NULL,NULL,'WAIT'),(75,700,3,19,NULL,NULL,'WAIT'),(76,700,3,20,NULL,NULL,'WAIT'),(77,700,3,21,NULL,NULL,'WAIT'),(78,700,3,22,NULL,NULL,'WAIT'),(79,700,3,23,NULL,NULL,'WAIT'),(80,700,3,24,NULL,NULL,'WAIT'),(81,700,3,25,NULL,NULL,'WAIT'),(82,700,3,26,NULL,NULL,'WAIT'),(83,700,3,27,NULL,NULL,'WAIT'),(84,700,3,28,NULL,NULL,'WAIT'),(85,700,3,29,NULL,NULL,'WAIT'),(86,700,3,30,NULL,NULL,'WAIT'),(87,700,3,31,NULL,NULL,'WAIT'),(88,700,3,32,NULL,NULL,'WAIT'),(89,700,3,33,NULL,NULL,'WAIT'),(90,700,3,34,NULL,NULL,'WAIT'),(91,700,3,35,NULL,NULL,'WAIT'),(92,700,3,36,NULL,NULL,'WAIT'),(93,700,3,37,NULL,NULL,'WAIT'),(94,700,3,38,NULL,NULL,'WAIT'),(95,700,3,39,NULL,NULL,'WAIT'),(96,2,3,40,NULL,NULL,'WAIT'),(97,700,3,41,NULL,NULL,'WAIT'),(98,700,3,42,NULL,NULL,'WAIT'),(99,700,3,43,NULL,NULL,'WAIT'),(100,700,3,44,NULL,NULL,'WAIT'),(101,700,3,45,NULL,NULL,'WAIT'),(102,700,3,46,NULL,NULL,'WAIT'),(103,700,3,47,NULL,NULL,'WAIT'),(104,700,3,48,NULL,NULL,'WAIT'),(105,700,3,49,NULL,NULL,'WAIT'),(106,700,3,50,NULL,NULL,'WAIT'),(107,700,3,51,NULL,NULL,'WAIT'),(108,700,3,52,NULL,NULL,'WAIT'),(109,700,3,53,NULL,NULL,'WAIT'),(110,700,3,54,NULL,NULL,'WAIT'),(111,700,3,55,NULL,NULL,'WAIT'),(112,701,1,22,NULL,NULL,'C-SUCCESS'),(113,700,3,56,NULL,NULL,'WAIT'),(114,701,1,23,NULL,NULL,'C-SUCCESS'),(115,701,1,24,NULL,NULL,'C-SUCCESS'),(116,701,1,25,NULL,NULL,'C-SUCCESS'),(117,701,1,26,NULL,NULL,'C-SUCCESS'),(118,701,1,27,NULL,NULL,'C-SUCCESS'),(119,701,1,28,NULL,NULL,'C-SUCCESS'),(120,701,1,29,NULL,NULL,'C-SUCCESS'),(121,701,1,30,NULL,NULL,'C-SUCCESS'),(122,701,1,31,NULL,NULL,'C-SUCCESS'),(123,701,1,32,NULL,NULL,'C-SUCCESS'),(124,701,1,33,NULL,NULL,'A-SUCCESS'),(125,763,1,34,NULL,NULL,'A-SUCCESS'),(126,763,1,35,NULL,NULL,'A-SUCCESS'),(127,763,1,36,NULL,NULL,'A-SUCCESS'),(128,763,1,37,NULL,NULL,'A-SUCCESS'),(129,763,1,38,NULL,NULL,'A-SUCCESS'),(130,2,2,28,NULL,NULL,'WAIT'),(131,2,2,29,NULL,NULL,'WAIT'),(132,68,2,30,NULL,NULL,'WAIT'),(133,68,2,31,NULL,NULL,'WAIT'),(134,68,2,32,NULL,NULL,'WAIT'),(135,68,2,33,NULL,NULL,'WAIT'),(136,68,2,34,NULL,NULL,'WAIT'),(137,68,2,35,NULL,NULL,'WAIT'),(138,68,2,36,NULL,NULL,'WAIT'),(139,68,3,57,NULL,NULL,'WAIT'),(140,2,3,58,NULL,NULL,'WAIT'),(141,2,3,59,NULL,NULL,'WAIT'),(142,2,3,60,NULL,NULL,'WAIT'),(143,2,3,61,NULL,NULL,'WAIT'),(144,2,3,62,NULL,NULL,'WAIT'),(145,2,3,63,NULL,NULL,'WAIT'),(146,2,3,64,NULL,NULL,'WAIT'),(147,2,3,65,NULL,NULL,'WAIT'),(148,2,3,66,NULL,NULL,'WAIT'),(149,2,3,67,NULL,NULL,'WAIT'),(150,2,3,68,NULL,NULL,'WAIT'),(151,2,3,69,NULL,NULL,'WAIT'),(152,2,3,70,NULL,NULL,'WAIT'),(153,68,3,71,NULL,NULL,'WAIT'),(154,68,3,72,NULL,NULL,'WAIT'),(155,2,3,73,NULL,NULL,'WAIT'),(156,2,3,74,NULL,NULL,'WAIT'),(157,2,3,75,NULL,NULL,'WAIT'),(158,2,3,76,NULL,NULL,'WAIT'),(159,2,3,77,NULL,NULL,'WAIT'),(160,2,3,78,NULL,NULL,'WAIT'),(161,2,3,79,NULL,NULL,'WAIT'),(162,2,2,37,NULL,NULL,'WAIT'),(163,2,2,38,NULL,NULL,'WAIT'),(164,763,3,80,NULL,NULL,'C-SUCCESS'),(165,700,3,81,NULL,NULL,'WAIT'),(166,68,2,39,NULL,NULL,'WAIT'),(167,2,2,40,NULL,NULL,'WAIT'),(168,68,2,41,NULL,NULL,'WAIT'),(169,68,2,42,NULL,NULL,'WAIT'),(170,2,3,82,NULL,NULL,'WAIT'),(171,2,2,43,NULL,NULL,'WAIT'),(172,769,1,39,NULL,NULL,'A-SUCCESS'),(173,769,1,40,NULL,NULL,'A-SUCCESS'),(174,769,1,41,NULL,NULL,'A-SUCCESS'),(175,769,3,83,NULL,NULL,'A-REJECT'),(176,769,3,84,NULL,NULL,'WAIT'),(178,769,3,86,NULL,NULL,'WAIT'),(181,2,3,89,NULL,NULL,'WAIT'),(182,2,2,44,NULL,NULL,'WAIT'),(183,769,3,90,NULL,NULL,'C-SUCCESS'),(184,769,2,45,NULL,NULL,'WAIT'),(185,769,2,46,NULL,NULL,'WAIT'),(186,769,2,47,NULL,NULL,'C-SUCCESS'),(187,769,4,10,NULL,NULL,'C-SUCCESS'),(188,2,2,48,NULL,NULL,'WAIT'),(189,779,1,42,NULL,NULL,'A-SUCCESS'),(190,2,2,49,NULL,NULL,'WAIT'),(191,768,3,91,NULL,NULL,'WAIT'),(192,768,3,92,NULL,NULL,'WAIT'),(193,768,3,93,NULL,NULL,'WAIT'),(197,2,3,97,NULL,NULL,'WAIT'),(198,2,3,98,NULL,NULL,'WAIT'),(199,777,1,43,NULL,NULL,'A-SUCCESS'),(200,2,2,50,NULL,NULL,'C-SUCCESS'),(201,777,4,11,NULL,NULL,'C-SUCCESS'),(202,777,4,12,NULL,NULL,'C-SUCCESS'),(203,777,1,44,NULL,NULL,'A-SUCCESS'),(204,777,1,45,NULL,NULL,'A-SUCCESS'),(205,2,2,51,NULL,NULL,'A-REJECT'),(206,2,2,52,NULL,NULL,'WAIT'),(207,2,3,99,NULL,NULL,'A-SUCCESS'),(208,789,1,46,NULL,NULL,'C-SUCCESS'),(209,2,3,100,NULL,NULL,'A-SUCCESS'),(210,2,3,104,NULL,NULL,'C-SUCCESS'),(211,789,1,47,NULL,NULL,'C-SUCCESS'),(212,789,1,48,NULL,NULL,'A-SUCCESS'),(213,789,1,49,NULL,NULL,'A-SUCCESS'),(214,2,3,105,NULL,NULL,'A-SUCCESS'),(215,2,3,106,NULL,NULL,'C-SUCCESS'),(216,2,3,107,NULL,NULL,'C-SUCCESS'),(217,790,1,50,NULL,NULL,'A-SUCCESS'),(218,790,1,51,NULL,NULL,'A-SUCCESS'),(219,790,1,52,NULL,NULL,'A-SUCCESS'),(220,790,1,53,NULL,NULL,'A-SUCCESS'),(221,790,1,54,NULL,NULL,'A-SUCCESS'),(222,792,1,55,NULL,NULL,'A-SUCCESS'),(223,792,1,56,NULL,NULL,'A-SUCCESS'),(224,792,1,57,NULL,NULL,'A-SUCCESS'),(225,792,1,58,NULL,NULL,'A-SUCCESS'),(226,792,1,59,NULL,NULL,'A-SUCCESS'),(227,793,3,108,NULL,NULL,'A-SUCCESS'),(228,792,2,53,NULL,NULL,'C-REJECT'),(229,792,2,54,NULL,NULL,'C-REJECT'),(230,792,2,55,NULL,NULL,'C-REJECT'),(231,792,2,56,NULL,NULL,'C-REJECT'),(232,792,2,57,NULL,NULL,'C-REJECT'),(233,792,2,58,NULL,NULL,'C-REJECT'),(234,792,2,59,NULL,NULL,'WAIT'),(237,796,1,62,NULL,NULL,'C-SUCCESS'),(238,796,1,63,NULL,NULL,'A-SUCCESS'),(239,796,4,13,NULL,NULL,'A-SUCCESS'),(244,796,1,64,NULL,NULL,'A-SUCCESS'),(246,796,3,114,NULL,NULL,'WAIT'),(247,763,3,115,NULL,NULL,'C-SUCCESS'),(248,796,3,116,NULL,NULL,'WAIT'),(249,796,4,14,NULL,NULL,'C-SUCCESS'),(250,796,4,15,NULL,NULL,'C-SUCCESS'),(251,796,4,16,NULL,NULL,'C-SUCCESS'),(252,796,4,17,NULL,NULL,'C-SUCCESS'),(253,796,4,18,NULL,NULL,'C-SUCCESS'),(254,796,4,19,NULL,NULL,'C-SUCCESS'),(255,796,4,20,NULL,NULL,'C-SUCCESS'),(256,796,4,21,NULL,NULL,'C-SUCCESS'),(258,763,2,61,NULL,NULL,'W-PENDING'),(259,801,1,65,NULL,NULL,'A-SUCCESS'),(260,801,3,117,NULL,NULL,'A-SUCCESS'),(262,801,1,66,NULL,NULL,'A-SUCCESS'),(264,801,3,120,NULL,NULL,'A-SUCCESS'),(265,803,1,67,NULL,NULL,'A-SUCCESS'),(266,803,3,121,NULL,NULL,'A-SUCCESS'),(267,763,4,22,NULL,NULL,'C-SUCCESS'),(268,763,1,68,NULL,NULL,'C-SUCCESS'),(269,763,2,62,NULL,NULL,'W-SUCCESS'),(270,808,1,69,NULL,NULL,'A-SUCCESS'),(271,763,2,63,NULL,NULL,'C-SUCCESS'),(272,763,2,64,NULL,NULL,'W-SUCCESS'),(273,763,2,65,NULL,NULL,'W-SUCCESS'),(274,813,1,70,NULL,NULL,'A-SUCCESS'),(276,814,3,123,NULL,NULL,'A-SUCCESS'),(277,813,2,66,NULL,NULL,'W-SUCCESS'),(278,813,4,23,NULL,NULL,'A-SUCCESS'),(279,808,4,24,NULL,NULL,'C-SUCCESS');
/*!40000 ALTER TABLE `request_event` ENABLE KEYS */;
UNLOCK TABLES;

--
-- Table structure for table `request_network_listing`
--

DROP TABLE IF EXISTS `request_network_listing`;
/*!40101 SET @saved_cs_client     = @@character_set_client */;
/*!50503 SET character_set_client = utf8mb4 */;
CREATE TABLE `request_network_listing` (
  `id` int NOT NULL AUTO_INCREMENT,
  `user_id` int DEFAULT NULL,
  `activity_code` varchar(1) CHARACTER SET utf8mb4 COLLATE utf8mb4_general_ci DEFAULT NULL,
  `network_id` int DEFAULT NULL,
  `name` varchar(20) CHARACTER SET utf8mb4 COLLATE utf8mb4_general_ci DEFAULT NULL,
  `ticker` varchar(10) CHARACTER SET utf8mb4 COLLATE utf8mb4_general_ci DEFAULT NULL,
  `status` varchar(20) COLLATE utf8mb4_general_ci DEFAULT NULL,
  `contract_address` varchar(128) CHARACTER SET utf8mb4 COLLATE utf8mb4_general_ci DEFAULT NULL,
  `create_date` datetime DEFAULT NULL,
  PRIMARY KEY (`id`),
  KEY `user_network_listing-network_id-network-id-fk_idx` (`network_id`) USING BTREE,
  KEY `user_network_listing-user_id-user-id-fk_idx` (`user_id`) USING BTREE
) ENGINE=InnoDB AUTO_INCREMENT=25 DEFAULT CHARSET=utf8mb4 COLLATE=utf8mb4_general_ci;
/*!40101 SET character_set_client = @saved_cs_client */;

--
-- Dumping data for table `request_network_listing`
--

LOCK TABLES `request_network_listing` WRITE;
/*!40000 ALTER TABLE `request_network_listing` DISABLE KEYS */;
INSERT INTO `request_network_listing` VALUES (1,12,'C',NULL,'1','1','R','1','2024-04-19 05:08:23'),(2,1,'C',NULL,'Mantle','MNT',NULL,'0x3c3a81e81dc49A522A592e7622A7E711c06bf354','2024-04-25 01:29:04'),(3,1,'C',NULL,'TRON','TRX',NULL,'0x50327c6c5a14DCaDE707ABad2E27eB517df87AB5','2024-04-25 01:30:34'),(4,715,'C',NULL,'Bitcoin','BTC',NULL,NULL,'2024-04-29 16:02:22'),(5,12,'C',NULL,'Solana','SOL',NULL,NULL,'2024-04-29 16:30:39'),(6,12,'C',NULL,'Solana','SOL',NULL,NULL,'2024-04-29 16:30:57'),(7,12,'C',NULL,'Ethereum','ETH',NULL,NULL,'2024-04-29 16:31:04'),(8,12,'C',NULL,'Ethereum','ETH',NULL,NULL,'2024-04-29 16:31:08'),(9,726,'C',NULL,'TRON','TRX',NULL,'0x50327c6c5a14DCaDE707ABad2E27eB517df87AB5','2024-04-30 11:32:30'),(10,769,'C',NULL,'PEPE','PEPE',NULL,'0x6982508145454Ce325dDbE47a25d4ec3d2311933','2024-05-14 18:14:01'),(11,777,'C',NULL,'TEST','TEST',NULL,'TEST','2024-05-23 14:08:29'),(12,777,'C',NULL,'테스트1','TEST1',NULL,'TEST1','2024-05-23 14:12:51'),(13,796,'C',NULL,'XRP','XRP',NULL,'0x628F76eAB0C1298F7a24d337bBbF1ef8A1Ea6A24','2024-06-12 17:10:57'),(14,796,'C',NULL,'PEPE','PEPE',NULL,'0x6982508145454Ce325dDbE47a25d4ec3d2311933','2024-06-13 09:42:01'),(15,796,'C',NULL,'test','WETH',NULL,'0xC02aaA39b223FE8D0A0e5C4F27eAD9083C756Cc2','2024-06-13 09:42:53'),(16,796,'C',NULL,'test22','OKB',NULL,'0x75231F58b43240C9718Dd58B4967c5114342a86c','2024-06-13 09:43:44'),(17,796,'C',NULL,'test','TTTT',NULL,'0xb131f4A55907B10d1F0A50d8ab8FA09EC342cd74','2024-06-13 09:55:26'),(18,796,'C',NULL,'T1','T1',NULL,'0x50327c6c5a14DCaDE707ABad2E27eB517df87AB5','2024-06-13 09:59:40'),(19,796,'C',NULL,'test network','TN',NULL,'0x50327c6c5a14DCaDE707ABad2E27eB517df87AB5','2024-06-13 10:04:32'),(20,796,'C',NULL,'test network','TN1',NULL,'0x50327c6c5a14DCaDE707ABad2E27eB517df87AB5','2024-06-13 10:07:14'),(21,796,'C',NULL,'test network2','TN2',NULL,'0x50327c6c5a14DCaDE707ABad2E27eB517df87AB5','2024-06-13 10:09:04'),(22,763,'C',NULL,'aaa','bbb',NULL,'123','2024-06-13 15:40:37'),(23,813,'C',NULL,'TEST','XRP',NULL,'0x628F76eAB0C1298F7a24d337bBbF1ef8A1Ea6A24','2024-06-17 12:19:14'),(24,808,'C',NULL,'testToken','TT',NULL,'1213','2024-06-19 09:35:53');
/*!40000 ALTER TABLE `request_network_listing` ENABLE KEYS */;
UNLOCK TABLES;

--
-- Table structure for table `request_wallet`
--

DROP TABLE IF EXISTS `request_wallet`;
/*!40101 SET @saved_cs_client     = @@character_set_client */;
/*!50503 SET character_set_client = utf8mb4 */;
CREATE TABLE `request_wallet` (
  `id` int NOT NULL AUTO_INCREMENT,
  `user_id` int DEFAULT NULL,
  `activity_code` varchar(1) CHARACTER SET utf8mb4 COLLATE utf8mb4_general_ci DEFAULT NULL,
  `network_id` int DEFAULT NULL,
  `wallet_id` int DEFAULT NULL,
  PRIMARY KEY (`id`),
  KEY `user_wallet-network_id-network-id-fk_idx` (`network_id`) USING BTREE,
  KEY `user_wallet_idx` (`user_id`) USING BTREE
) ENGINE=InnoDB AUTO_INCREMENT=71 DEFAULT CHARSET=utf8mb4 COLLATE=utf8mb4_general_ci;
/*!40101 SET character_set_client = @saved_cs_client */;

--
-- Dumping data for table `request_wallet`
--

LOCK TABLES `request_wallet` WRITE;
/*!40000 ALTER TABLE `request_wallet` DISABLE KEYS */;
INSERT INTO `request_wallet` VALUES (1,1,'C',1,1),(2,1,'C',2,2),(3,1,'C',3,3),(4,1,'C',4,4),(5,11,'C',1,5),(6,11,'C',5,6),(7,11,'C',4,7),(8,11,'C',3,8),(9,11,'C',2,9),(10,11,'C',2,10),(11,11,'C',2,11),(12,715,'C',1,12),(13,715,'C',2,13),(14,715,'C',2,14),(15,715,'C',3,15),(16,715,'C',4,16),(17,726,'C',1,17),(18,726,'C',2,18),(19,726,'C',4,19),(20,749,'C',1,20),(21,749,'C',2,21),(22,701,'C',5,22),(23,701,'C',5,23),(24,701,'C',5,24),(25,701,'C',5,25),(26,701,'C',5,26),(27,701,'C',5,27),(28,701,'C',5,28),(29,701,'C',5,29),(30,701,'C',5,30),(31,701,'C',5,31),(32,701,'C',5,32),(33,701,'C',5,33),(34,763,'C',1,34),(35,763,'C',2,35),(36,763,'C',3,36),(37,763,'C',4,37),(38,763,'C',5,38),(39,769,'C',1,39),(40,769,'C',3,40),(41,769,'C',2,41),(42,779,'C',2,42),(43,777,'C',1,43),(44,777,'C',3,44),(45,777,'C',5,45),(46,789,'C',2,46),(47,789,'C',4,47),(48,789,'C',5,48),(49,789,'C',3,49),(50,790,'C',1,50),(51,790,'C',2,51),(52,790,'C',3,52),(53,790,'C',4,53),(54,790,'C',5,54),(55,792,'C',1,55),(56,792,'C',2,56),(57,792,'C',3,57),(58,792,'C',4,58),(59,792,'C',5,59),(62,796,'C',3,62),(63,796,'C',2,63),(64,796,'C',5,64),(65,801,'C',2,65),(66,801,'C',5,66),(67,803,'C',2,67),(68,763,'C',4,68),(69,808,'C',2,69),(70,813,'C',2,70);
/*!40000 ALTER TABLE `request_wallet` ENABLE KEYS */;
UNLOCK TABLES;

--
-- Table structure for table `request_withdraw`
--

DROP TABLE IF EXISTS `request_withdraw`;
/*!40101 SET @saved_cs_client     = @@character_set_client */;
/*!50503 SET character_set_client = utf8mb4 */;
CREATE TABLE `request_withdraw` (
  `id` int NOT NULL AUTO_INCREMENT,
  `user_id` int DEFAULT NULL,
  `network_id` int DEFAULT NULL,
  `company_withdraw_whitelist_id` int DEFAULT NULL,
  `amount` varchar(64) CHARACTER SET utf8mb4 COLLATE utf8mb4_general_ci DEFAULT NULL,
  `transaction_hash` varchar(128) CHARACTER SET utf8mb4 COLLATE utf8mb4_general_ci DEFAULT NULL,
  `create_date` datetime DEFAULT NULL,
  `purpose` varchar(200) CHARACTER SET utf8mb4 COLLATE utf8mb4_general_ci DEFAULT NULL,
  `memo` varchar(200) COLLATE utf8mb4_general_ci DEFAULT NULL,
  PRIMARY KEY (`id`),
  KEY `user_withdraw-user_id-user-id-fk_idx` (`user_id`) USING BTREE,
  KEY `user_withdraw-whitelist_id-cww-id-fk_idx` (`company_withdraw_whitelist_id`) USING BTREE
) ENGINE=InnoDB AUTO_INCREMENT=67 DEFAULT CHARSET=utf8mb4 COLLATE=utf8mb4_general_ci;
/*!40101 SET character_set_client = @saved_cs_client */;

--
-- Dumping data for table `request_withdraw`
--

LOCK TABLES `request_withdraw` WRITE;
/*!40000 ALTER TABLE `request_withdraw` DISABLE KEYS */;
INSERT INTO `request_withdraw` VALUES (1,2,2,1,'10000000000000',NULL,'2024-04-09 00:00:00','test withdraw1','test memo'),(2,2,2,1,'20000000000',NULL,'2024-04-18 22:13:00','withdraw test',NULL),(3,2,2,1,'2000000000000000000',NULL,'2024-04-18 22:39:56','withdraw test',NULL),(4,2,2,1,'2000000000000000000',NULL,'2024-04-18 22:48:36','withdraw test3',NULL),(5,2,2,1,'200000000000000000',NULL,'2024-04-18 22:49:55','withdraw test4',NULL),(6,2,2,1,'2000000000000000000',NULL,'2024-04-18 22:52:23','withdraw test5',NULL),(7,2,2,1,'2222000000000000000',NULL,'2024-04-18 22:53:09','withdraw test6',NULL),(8,2,2,1,'3000000000000000000',NULL,'2024-04-19 08:57:26','withdraw test8',NULL),(9,2,2,1,'300000000000000000',NULL,'2024-04-19 08:59:04','withdraw test8',NULL),(10,2,2,1,'3300000000000000000',NULL,'2024-04-19 10:10:26','withdraw test8',NULL),(11,2,2,1,'234',NULL,'2024-04-19 12:21:00','test 123',NULL),(12,2,2,1,'234',NULL,'2024-04-19 12:22:09','test 1213',NULL),(13,2,2,1,'2340000000000000000',NULL,'2024-04-19 12:22:44','test 12213',NULL),(14,2,2,1,'2200000000000000000',NULL,'2024-04-22 09:20:50','test 122131',NULL),(15,2,2,1,'2200000000000000000',NULL,'2024-04-22 09:23:39','test 122131',NULL),(16,2,2,1,'20000000000000000000',NULL,'2024-04-22 09:42:19','test 122131',NULL),(17,2,2,1,'2000000000000000000',NULL,'2024-04-22 09:44:56','test 122131',NULL),(18,2,2,1,'2256000000000000000',NULL,'2024-04-22 09:46:59','test 122131',NULL),(19,2,2,1,'1000000000000000000',NULL,'2024-04-24 15:21:33','test',NULL),(20,2,2,1,'3000000000000000000',NULL,'2024-04-25 09:46:43','test time','test time update'),(21,700,1,1,'300000000',NULL,'2024-04-28 10:22:18','undefined','undefined'),(22,700,1,3,'300000000',NULL,'2024-04-28 10:38:19','undefined','undefined'),(23,700,1,1,'600000000',NULL,'2024-04-28 11:08:40','undefined','undefined'),(24,700,1,3,'300000000',NULL,'2024-05-02 12:41:18','undefined','undefined'),(25,700,1,1,'4400000000',NULL,'2024-05-02 16:42:36','test','dfd'),(26,700,1,1,'2200000000',NULL,'2024-05-02 19:14:54','dddf','ee'),(27,700,2,2,'4000000000000000000',NULL,'2024-05-02 19:16:34','hhhh','gggg'),(28,2,2,1,'2020003000000000',NULL,'2024-05-09 15:24:10','test','test'),(29,2,1,1,'2020003',NULL,'2024-05-09 15:39:48','test','test'),(30,68,2,1,'1000000000000000000',NULL,'2024-05-10 11:22:34','1',''),(31,68,2,1,'1000000000000000000',NULL,'2024-05-10 11:22:34','1',''),(32,68,2,1,'1000000000000000000',NULL,'2024-05-10 11:22:51','1',''),(33,68,2,1,'2000000000000000000',NULL,'2024-05-10 11:24:36','출금',''),(34,68,2,1,'2000000000000000000',NULL,'2024-05-10 11:27:53','66','55'),(35,68,2,1,'1000000000000000000',NULL,'2024-05-10 11:38:49','3','2'),(36,68,2,1,'3000000000000000000',NULL,'2024-05-10 11:40:09','5','4'),(37,2,2,1,'2333330000000000000',NULL,'2024-05-13 14:22:55','여행경비','메모 테스트'),(38,2,2,2,'988000000000000000',NULL,'2024-05-13 15:48:40','테스트','테스트용'),(39,68,2,1,'5000000000000000000',NULL,'2024-05-14 14:05:05','7','6'),(40,2,2,1,'1000000000000000000',NULL,'2024-05-14 14:39:56','1','1'),(41,68,2,1,'5000000000000000000',NULL,'2024-05-14 14:42:58','7','6'),(42,68,2,1,'1200000000000000000',NULL,'2024-05-14 14:45:24','7','7'),(43,2,2,1,'1111111000000000000',NULL,'2024-05-14 16:00:34','테스트','테스트용'),(44,2,2,1,'34222222000000000000',NULL,'2024-05-14 17:18:46','테스트','메모 테스트'),(45,769,2,1,'100000000000000',NULL,'2024-05-14 17:39:32','string','string'),(46,769,2,4,'100000000000000',NULL,'2024-05-14 17:42:10','string','string'),(47,769,2,4,'100000000000000',NULL,'2024-05-14 17:55:27','2','1'),(48,2,2,1,'222000000000000000',NULL,'2024-05-16 09:49:52','test','test'),(49,2,2,1,'34222222000000000000',NULL,'2024-05-16 10:24:09','테스트','메모 테스트'),(50,2,2,1,'1020000000000000000',NULL,'2024-05-22 15:22:40','test','test'),(51,2,2,2,'2020000000000000000',NULL,'2024-06-03 09:16:36','test only','approve test'),(52,2,2,2,'2020000000000000000',NULL,'2024-06-03 09:47:20','test only','approve test'),(53,792,2,1,'10000000000000000',NULL,'2024-06-10 10:54:35','test','test'),(54,792,2,1,'10000000000000000',NULL,'2024-06-10 10:56:35','test1','test1'),(55,792,2,1,'10000000000000000',NULL,'2024-06-10 10:57:36','test1','test1'),(56,792,2,1,'10000000000000000',NULL,'2024-06-10 11:01:40','test2','test2'),(57,792,2,1,'',NULL,'2024-06-10 11:07:53','test2','test2'),(58,792,2,1,'10000000000',NULL,'2024-06-10 11:15:05','test2','test2'),(59,792,2,7,'1000000000000',NULL,'2024-06-10 11:25:04','테스트 승인','승인바랍니다'),(61,763,5,8,'1000000000000000','0x5fd0d23784144a87984eb0fd6466fe6b1ea7bef66d89dfaf21a46d2f985482cf','2024-06-13 11:00:03','테스트',''),(62,763,5,8,'1000000000000000','0x9c705a47f5b081ae0e10212b364067f97d1b358c5ad0aa7b60286d4920ada633','2024-06-17 09:18:13','테스트',''),(63,763,5,8,'100000000000000',NULL,'2024-06-17 09:44:51','테스트',''),(64,763,5,8,'100000000000000','0x5a8e7fefe5ba3d3f4183e8c0732fe65ec0f4e29a3d5e9c34131d29554af4a90c','2024-06-17 09:51:12','테스트',''),(65,763,5,8,'1000000000000000','0xc8d32daf7f3e182b4ae30d3cc3a5818ab6748184faaa431c9444a2d41d83ae2a','2024-06-17 10:08:58','테스트',''),(66,813,2,12,'1000000000000000',NULL,'2024-06-17 12:14:32','테스트','출금테스트');
/*!40000 ALTER TABLE `request_withdraw` ENABLE KEYS */;
UNLOCK TABLES;

--
-- Table structure for table `request_withdraw_whitelist`
--

DROP TABLE IF EXISTS `request_withdraw_whitelist`;
/*!40101 SET @saved_cs_client     = @@character_set_client */;
/*!50503 SET character_set_client = utf8mb4 */;
CREATE TABLE `request_withdraw_whitelist` (
  `id` int NOT NULL AUTO_INCREMENT,
  `user_id` int DEFAULT NULL,
  `activity_code` varchar(1) CHARACTER SET utf8mb4 COLLATE utf8mb4_general_ci DEFAULT NULL,
  `withdraw_whitelist_id` int DEFAULT NULL,
  `address` varchar(128) CHARACTER SET utf8mb4 COLLATE utf8mb4_general_ci DEFAULT NULL,
  `ticker` varchar(50) CHARACTER SET utf8mb4 COLLATE utf8mb4_general_ci DEFAULT NULL,
  `update_date` datetime DEFAULT NULL,
  `create_date` datetime DEFAULT NULL,
  `name` varchar(100) CHARACTER SET utf8mb4 COLLATE utf8mb4_general_ci DEFAULT NULL,
  `owner` varchar(50) CHARACTER SET utf8mb4 COLLATE utf8mb4_general_ci DEFAULT NULL,
  `owner_address` varchar(200) CHARACTER SET utf8mb4 COLLATE utf8mb4_general_ci DEFAULT NULL,
  `owner_callnumber` varchar(100) CHARACTER SET utf8mb4 COLLATE utf8mb4_general_ci DEFAULT NULL,
  `network_id` int DEFAULT NULL,
  PRIMARY KEY (`id`),
  KEY `user_withdraw_whitelist-user_id-user-id-fk_idx` (`user_id`) USING BTREE,
  KEY `user_withdraw_whitelist-withdraw_whitelist_id-company_withd_idx` (`withdraw_whitelist_id`) USING BTREE
) ENGINE=InnoDB AUTO_INCREMENT=124 DEFAULT CHARSET=utf8mb4 COLLATE=utf8mb4_general_ci;
/*!40101 SET character_set_client = @saved_cs_client */;

--
-- Dumping data for table `request_withdraw_whitelist`
--

LOCK TABLES `request_withdraw_whitelist` WRITE;
/*!40000 ALTER TABLE `request_withdraw_whitelist` DISABLE KEYS */;
INSERT INTO `request_withdraw_whitelist` VALUES (1,2,'C',NULL,'0xAdF5da9e69c676FB732eFD3e6291D2515d30C6fb','ETH',NULL,'2024-04-18 17:40:06','test wallet1','김블록','서울시 강남구 학동로 42','010-2323-2322',2),(2,12,'D',0,NULL,NULL,NULL,'2024-04-22 16:45:47',NULL,NULL,NULL,NULL,0),(3,12,'D',1,NULL,NULL,NULL,'2024-04-22 16:50:48',NULL,NULL,NULL,NULL,2),(4,12,'D',1,NULL,NULL,NULL,'2024-04-22 16:50:59',NULL,NULL,NULL,NULL,2),(5,12,'D',1,NULL,NULL,NULL,'2024-04-22 17:48:26',NULL,NULL,NULL,NULL,1),(6,12,'D',1,NULL,NULL,NULL,'2024-04-22 17:48:30',NULL,NULL,NULL,NULL,1),(7,12,'D',1,NULL,NULL,NULL,'2024-04-22 17:50:36',NULL,NULL,NULL,NULL,1),(8,12,'D',1,NULL,NULL,NULL,'2024-04-22 17:50:40',NULL,NULL,NULL,NULL,1),(9,12,'D',1,NULL,NULL,NULL,'2024-04-22 17:51:07',NULL,NULL,NULL,NULL,1),(10,12,'D',1,NULL,NULL,NULL,'2024-04-22 17:51:22',NULL,NULL,NULL,NULL,1),(11,12,'D',1,NULL,NULL,NULL,'2024-04-22 17:54:34',NULL,NULL,NULL,NULL,2),(12,2,'C',NULL,'0x7a1a489C0ED8A07E25f03f3DDfad885A0D5390D6','ETH',NULL,'2024-04-23 10:21:09','titan','장블록','서울시 강남구 청담동 121','010-2234-0909',2),(13,2,'U',1,NULL,'ETH','2024-04-23 14:11:04','2024-04-23 10:56:30','test name','감테스터','서울시 강남구 테헤란로 12','010-2323-2323',2),(14,2,'U',1,NULL,'ETH','2024-04-23 15:43:29','2024-04-23 14:13:07','test change name ','박블록','서울시 강남구 학동로 23','010-2022-0333',2),(15,2,'C',NULL,'0x3C7D11D04C83908b8e8214e370758037D5763D3c','ETH',NULL,'2024-04-23 16:26:28','real test wallet','김세이','서울시 은평구 오디로 323','010-2209-9444',2),(16,2,'C',NULL,'0xE352Af821CF211C4320713d049F9f7984Fdbf77E','ETH',NULL,'2024-04-25 10:21:27','testtest wallet','강오디','서울시 강남구 월렛로 43','010-2202-2222',2),(17,2,'U',2,NULL,'ETH',NULL,'2024-04-25 10:30:25','testtest wallet 2','김세이로','서울시 강남구 강남구청역 지하1층 화장실','010-0202-3333',2),(18,2,'D',2,NULL,NULL,NULL,'2024-04-25 10:33:51',NULL,NULL,NULL,NULL,2),(19,700,'C',NULL,'aa','MATIC',NULL,'2024-05-02 22:14:34','ssss','ddd','dd','ddddd',1),(20,700,'C',NULL,'aa','MATIC',NULL,'2024-05-02 23:20:49','ssss','ddd','dd','ddddd',0),(21,700,'C',NULL,'ddddd','AVAX',NULL,'2024-05-02 23:21:58','ss','hhh','fffffff','dfdf4fdfdf',4),(22,700,'U',0,NULL,'AVAX',NULL,'2024-05-03 00:45:24','ss','kkk','fffffff','dfdf4fdfdf',4),(23,700,'C',NULL,'fff','AVAX',NULL,'2024-05-03 00:47:28','ggg','gggggg','','dddd',4),(24,700,'C',NULL,'ạhsdgfljsagdfjlgsdksjhdfksjhdflkajhdflkjshdflkjahsd','MATIC',NULL,'2024-05-03 11:44:26','jshdj','ssss','ksjdhfkjshd','ksjhkjhkjkkkkkk',5),(25,700,'C',NULL,'ksjhdflkjahsdflkjshdlfkjhsdlkfjha;','MATIC',NULL,'2024-05-03 11:46:10','sdjhfskkdjshkjd','skjdhksjhkd','ksjdhk','ksjdkjhskjdhks',5),(26,700,'C',NULL,'ksjhdflkjahsdflkjshdlfkjhsdlkfjha','MATIC',NULL,'2024-05-03 13:25:12','sdjhfskkdjshkj','skjdhksjhkd','ksjdhkk','ksjdkjhskjdhk',5),(27,700,'C',NULL,'ksjhdflkjahsdflkjshdlfkjhsdlkfjha','MATIC',NULL,'2024-05-03 13:26:22','sdjhfskkdjshkj','skjdhksjhkd','ksjdhkk','ksjdkjhskjdhk',5),(28,700,'C',NULL,'ksjhdflkjahsdflkjshdlfkjhsdlkfjha','MATIC',NULL,'2024-05-03 13:27:25','sdjhfskkdjshkj','skjdhksjhkd','ksjdhkk','ksjdkjhskjdhk',2),(29,700,'C',NULL,'ksjhdflkjahsdflkjshdlfkjhsdlkfjha','MATIC',NULL,'2024-05-03 14:53:34','sdjhfskkdjshkj','skjdhksjhkd','ksjdhkk','ksjdkjhskjdhk',5),(30,700,'C',NULL,'ksjhdflkjahsdflkjshdlfkjhsdlkfjha','SOL',NULL,'2024-05-03 14:54:43','sdjhfskkdjshkj','skjdhksjhkd','ksjdhkk','ksjdkjhskjdhk',3),(31,700,'C',NULL,'ksjhdflkjahsdflkjshdlfkjhsdlkfjha','MATIC',NULL,'2024-05-03 14:57:06','sdjhfskkdjshkj','skjdhksjhkd','ksjdhkk','ksjdkjhskjdhk',5),(32,700,'U',30,NULL,'ETH',NULL,'2024-05-03 15:12:07','sdjhfskkdjshkj','skjdhksjhkd','ksjdhkk','ksjdkjhskjdhk',2),(33,700,'U',30,NULL,'BTC',NULL,'2024-05-03 15:15:58','sdjhfskkdjshkj','skjdhksjhkd','ksjdhkk','ksjdkjhskjdhk',1),(34,700,'C',NULL,'dddddddddddddddddddddddddddddddddddddd','ETH',NULL,'2024-05-03 15:21:11','sdjhfskkdjshkj','skjdhksjhkd','ksjdhkk','ksjdkjhskjdhk',2),(35,700,'U',34,NULL,'SOL',NULL,'2024-05-03 15:22:00','sdjhfskkdjshkj','skjdhksjhkd','ksjdhkk','ksjdkjhskjdhk',3),(36,700,'C',NULL,'ggggggggggggggggggggggggggggg','BTC',NULL,'2024-05-03 15:24:23','sdjhfskkdjshkj','skjdhksjhkd','ksjdhkk','ksjdkjhskjdhk',1),(37,700,'U',36,NULL,'ETH',NULL,'2024-05-03 15:25:09','sdjhfskkdjshkj','skjdhksjhkd','ksjdhkk','ksjdkjhskjdhk',2),(38,700,'U',36,NULL,'SOL',NULL,'2024-05-03 15:27:10','sdjhfskkdjshkj','skjdhksjhkd','ksjdhkk','ksjdkjhskjdhk',3),(39,700,'U',36,NULL,'SOL',NULL,'2024-05-03 15:28:39','sdjhfskkdjshkj','skjdhksjhkd','ksjdhkk','ksjdkjhskjdhk',3),(40,2,'C',NULL,'0xertertretretetretretertertretretretretre','AVAX',NULL,'2024-05-03 15:59:53','test test','김세오','testeesetsetsetsetsetsetest','010-2323-2323',5),(41,700,'U',36,NULL,'SOL',NULL,'2024-05-03 16:04:14','sdjhfskkdjshkj','skjdhksjhkd','ksjdhkk','ksjdkjhskjdhk',3),(42,700,'U',36,NULL,'MATIC',NULL,'2024-05-03 16:05:07','sdjhfskkdjshkj','skjdhksjhkd','ksjdhkk','ksjdkjhskjdhk',5),(43,700,'C',NULL,'0xertertretretetretretertertretretretretre','AVAX',NULL,'2024-05-03 16:13:46','test test','김세오','testeesetsetsetsetsetsetest','010-2323-2323',5),(44,700,'U',1,NULL,'ETH',NULL,'2024-05-03 17:10:30','test wallet1','김블록','서울시 강남구 학동로 42','010-2323-2322',2),(45,700,'U',1,NULL,'SOL',NULL,'2024-05-03 17:12:28','test wallet1','김블록','서울시 강남구 학동로 42','010-2323-2322',3),(46,700,'U',36,NULL,'BTC',NULL,'2024-05-03 17:13:05','sdjhfskkdjshkj','skjdhksjhkd','ksjdhkk','ksjdkjhskjdhk',1),(47,700,'U',36,NULL,'SOL',NULL,'2024-05-03 17:13:53','sdjhfskkdjshkj','skjdhksjhkd','ksjdhkk','ksjdkjhskjdhk',3),(48,700,'U',1,NULL,'SOL',NULL,'2024-05-03 17:14:52','test wallet12','김블록','서울시 강남구 학동로 42','010-2323-2322',3),(49,700,'C',NULL,'ggggggggggggggggggggggggggggg','ETH',NULL,'2024-05-03 17:15:44','sdjhfskkdjshkj','skjdhksjhkd','ksjdhkk','ksjdkjhskjdhk',2),(50,700,'U',49,NULL,'SOL',NULL,'2024-05-03 17:17:48','sdjhfskkdjshkj','skjdhksjhkd','ksjdhkk','ksjdkjhskjdhk',3),(51,700,'U',36,NULL,'SOL',NULL,'2024-05-03 17:25:52','sdjhfskkdjshkj','skjdhksjhkd','ksjdhkk','ksjdkjhskjdhk',3),(52,700,'U',50,NULL,'SOL',NULL,'2024-05-03 17:26:08','sdjhfskkdjshkj','skjdhksjhkd','ksjdhkk','ksjdkjhskjdhk',3),(53,700,'U',50,NULL,'SOL',NULL,'2024-05-03 17:27:28','sdjhfskkdjshkj','skjdhksjhkd','ksjdhkk','ksjdkjhskjdhk',3),(54,700,'C',NULL,'ksjhdflkjahsdflkjshdlfkjhsdlkfjha','MATIC',NULL,'2024-05-03 17:31:15','sdjhfskkdjshkj','skjdhksjhkd','ksjdhkk','ksjdkjhskjdhk',2),(55,700,'U',54,NULL,'SOL',NULL,'2024-05-03 17:40:41','aaaa','skjdhksjhkd','ksjdhkk','ksjdkjhskjdhk',3),(56,700,'U',55,NULL,'SOL',NULL,'2024-05-03 18:05:04','aaaa','skjdhksjhkd','ksjdhkk','ksjdkjhskjdhk',3),(57,68,'C',NULL,'asdf1234','BTC',NULL,'2024-05-10 20:28:24','1','1','1 1','1',1),(58,2,'C',NULL,'tesetessetsetsetsetsetsetsetsetsetset','ETH',NULL,'2024-05-10 21:02:51','stetset','테스터','서서서서서서서테스트스트슽츠','010-0202-0123',1),(59,2,'C',NULL,'tesetesset2setsetsetsetsetsetsetsetset','ETH',NULL,'2024-05-10 21:05:16','stetset','테스터','서서서서서서서테스트스트슽츠','010-0202-0123',1),(60,2,'C',NULL,'tesetesset2setsetsetsetse3tsetsetsetset','ETH',NULL,'2024-05-10 21:05:22','stetset','테스터','서서서서서서서테스트스트슽츠','010-0202-0123',1),(61,2,'C',NULL,'tesetesset2setsetsetsetse3ts3etsetsetset','ETH',NULL,'2024-05-10 21:05:26','stetset','테스터','서서서서서서서테스트스트슽츠','010-0202-0123',1),(62,2,'C',NULL,'tesetesset2setsetsetsetse3ts3etset4setset','ETH',NULL,'2024-05-10 21:05:41','stetset','테스터','서서서서서서서테스트스트슽츠','010-0202-0123',1),(63,2,'C',NULL,'tesetesset2setsetsetsetse3ts3etset4setset','ETH',NULL,'2024-05-10 21:05:46','stetset','테스터','3232231312','010-0202-0123',1),(64,2,'C',NULL,'tesetesset2setsetsetsetse3ts3etset4setset','ETH',NULL,'2024-05-10 21:05:49','stetset','테스터','3232231312','010-0202-0123',1),(65,2,'C',NULL,'tesetesset2setsetsetsetse3ts3etset4setset','ETH',NULL,'2024-05-10 21:05:51','stetset','테스터','3232231312','010-0202-0123',1),(66,2,'C',NULL,'tesetesset2setsetsetsetse3ts3etset4setset','ETH',NULL,'2024-05-10 21:05:52','stetset','테스터','3232231312','010-0202-0123',1),(67,2,'C',NULL,'tesetesset2setsetsetsetse3ts3etset4setset','ETH',NULL,'2024-05-10 21:05:54','stetset','테스터','3232231312','010-0202-0123',1),(68,2,'C',NULL,'tesetesset2setsetsetsetse3ts3etset4setset','ETH',NULL,'2024-05-10 21:05:55','stetset','테스터','3232231312','010-0202-0123',1),(69,2,'C',NULL,'tesetesset2setsetsetsetse3ts3etset4setset','ETH',NULL,'2024-05-10 21:05:59','stetset','테스터','22312112312','010-0202-0123',1),(70,2,'C',NULL,'tesetesset2setsetsetsetse3ts3etset4setset','ETH',NULL,'2024-05-10 21:06:08','stetset','테스터','22312112312','010-0202-0123',1),(71,68,'U',1,NULL,'ETH',NULL,'2024-05-11 21:12:03','test wallet12','김블록','서울시 강남구 학동로 42 서울시 강남구 학동로 42','010-2323-2322',2),(72,68,'U',1,NULL,'ETH',NULL,'2024-05-11 21:13:12','test wallet133','김블록','서울시 강남구 학동로 42 서울시 강남구 학동로 42','010-2323-2322',2),(73,2,'C',NULL,'testestesetsetsetsetsetsetset','ETH',NULL,'2024-05-13 08:55:05','error test','tester','서울 테스트','010-2020-2023',2),(74,2,'C',NULL,'testestesetsetsetsetsetsetset1','ETH',NULL,'2024-05-13 08:55:14','error test','tester','서울 테스트','010-2020-2023',2),(75,2,'C',NULL,'testestesetsetsetsetsetsetset2','ETH',NULL,'2024-05-13 08:55:17','error test','tester','서울 테스트','010-2020-2023',2),(76,2,'C',NULL,'testestesetsetsetsetsetsetset3','ETH',NULL,'2024-05-13 08:55:20','error test','tester','서울 테스트','010-2020-2023',2),(77,2,'C',NULL,'testestesetsetsetsetsetsetset4','ETH',NULL,'2024-05-13 08:55:23','error test','tester','서울 테스트','010-2020-2023',2),(78,2,'C',NULL,'testestesetsetsetsetsetsetset5','ETH',NULL,'2024-05-13 08:55:26','error test','tester','서울 테스트','010-2020-2023',2),(79,2,'C',NULL,'testestesetsetsetsetsetsetset6','ETH',NULL,'2024-05-13 08:55:42','error test','tester','서울 테스트','010-2020-2023',2),(80,763,'C',NULL,'0xf423B9D3AD821462Ec6de7Ece61E4Fb72e3324f4','ETH',NULL,'2024-05-13 16:50:42','진솔','커스터디',' ','01012345678',2),(81,700,'C',NULL,' ','BTC',NULL,'2024-05-13 17:31:19','테스트 BTC 지갑','박박박',' ','0123456789',1),(82,2,'C',NULL,'qweqwewqewqewqeqwe','ETH',NULL,'2024-05-14 15:57:38','테스트','테스트','테스트 테스트','테스트',2),(83,769,'C',NULL,'0x248E079545E09Dd910cbAd55E97A778629b96862','ETH',NULL,'2024-05-14 16:18:23','출금','66테스트',' ','010-1111-1234',2),(84,769,'C',NULL,'0x248E079545E09Dd910cbAd55E97A778629b96862','ETH',NULL,'2024-05-14 16:30:56','testttt','string','string','111',2),(86,769,'C',NULL,'0x248E079545E09Dd910cbAd55E97A778629b96862','ETH',NULL,'2024-05-14 16:35:20','testttt','string','string','111',2),(89,2,'C',NULL,'qweeeewewewewewewwwwwwwwwwwwwwwwwwww','ETH',NULL,'2024-05-14 17:18:04','테스트1','테스트','busan 테스트','01020303033',2),(90,769,'C',NULL,'0x248E079545E09Dd910cbAd55E97A778629b96862','ETH',NULL,'2024-05-14 17:22:49','출금','66테스트',' ','1',2),(91,768,'C',NULL,'0x4007A65C18f98c5c56e5748582bB968fd62E12F9','ETH',NULL,'2024-05-16 11:05:08','진솔 테스트 ETH','서진솔',' ','1234567890',2),(92,768,'C',NULL,'0x4007A65C18f98c5c56e5748582bB968fd62E12F9','AVAX',NULL,'2024-05-16 11:09:33','진솔 테스트 AVAX','박박박',' ','1234567890',4),(93,768,'C',NULL,'7sR9cmvpyvcxu4PfcxYBVEC4AzXQP2E4iXmGFbbHpttS','SOL',NULL,'2024-05-16 11:10:41','진솔 테스트 SOL','서진솔',' ','1234567890',3),(97,2,'C',NULL,'tesetsetsetsetsetsetsetsetsetsetsetsetset','AVAX',NULL,'2024-05-16 11:26:48','테스트','테스트','busan 테스트','01020303033',4),(98,2,'C',NULL,'qwepoiasdlkjdfgpiqwejlsdkjasd','AVAX',NULL,'2024-05-16 13:43:49','에러테스트','tester','test2','test',4),(99,2,'C',NULL,'0xtest12DWEQWEDWEerererwewe98383wwdfkklsls','ETH',NULL,'2024-06-03 09:53:08','test only','손테스터','서울시 강남구 선릉','010-0202-4045',2),(100,2,'U',5,NULL,'ETH','2024-06-03 11:07:36','2024-06-03 11:02:35','test only','이테스터','서울시 강남구 선정릉 2','010-2222-3333',2),(104,2,'D',5,NULL,'ETH',NULL,'2024-06-03 11:17:24','test only',NULL,NULL,NULL,2),(105,2,'C',NULL,'0xtestQSDF232SFEFEFCBBBRSSDFSsddfqwrrttt224224','ETH',NULL,'2024-06-04 09:49:47','삭제용','손','서울시 강남구 인터페이스 플랫폼','01023340543',2),(106,2,'D',6,NULL,'ETH',NULL,'2024-06-04 09:55:12','삭제용',NULL,NULL,NULL,2),(107,2,'D',6,NULL,'ETH',NULL,'2024-06-04 09:59:55','삭제용',NULL,NULL,NULL,2),(108,793,'C',NULL,'0x248E079545E09Dd910cbAd55E97A778629b96862','ETH',NULL,'2024-06-10 10:14:53','sepolia','gg',' ','1',2),(114,796,'C',NULL,'0x396a91C7b3284f5cF142AA71a1F1c0BC543FB062','ETH',NULL,'2024-06-13 09:18:00','rabby son','손창호','부산광역시 서구 서대신동','01023333333',2),(115,763,'C',NULL,'0x7DBd4c13144792840045304b162700F667033adB','MATIC',NULL,'2024-06-13 09:25:05','멀티시그 테스트','용컴퍼니',' ','123',5),(116,796,'C',NULL,'testestestestestest','ETH',NULL,'2024-06-13 09:32:00','test','test','test','test',2),(117,801,'C',NULL,'0x248E079545E09Dd910cbAd55E97A778629b96862','ETH',NULL,'2024-06-13 12:30:45','출금이더','0613',' ','1',2),(120,801,'C',NULL,'0x248E079545E09Dd910cbAd55E97A778629b96862','MATIC',NULL,'2024-06-13 12:34:08','출금매틱','0613',' ','1',5),(121,803,'C',NULL,'0x248E079545E09Dd910cbAd55E97A778629b96862','ETH',NULL,'2024-06-13 13:58:15','출금이더','1',' ','1',2),(123,814,'C',NULL,'0x248E079545E09Dd910cbAd55E97A778629b96862','ETH',NULL,'2024-06-17 12:12:00','ETH출금주소테스트','QA',' ','01012345678',2);
/*!40000 ALTER TABLE `request_withdraw_whitelist` ENABLE KEYS */;
UNLOCK TABLES;

--
-- Table structure for table `user`
--

DROP TABLE IF EXISTS `user`;
/*!40101 SET @saved_cs_client     = @@character_set_client */;
/*!50503 SET character_set_client = utf8mb4 */;
CREATE TABLE `user` (
  `id` int NOT NULL AUTO_INCREMENT,
  `company_id` int NOT NULL,
  `email` varchar(100) CHARACTER SET utf8mb4 COLLATE utf8mb4_general_ci NOT NULL,
  `password` varchar(100) CHARACTER SET utf8mb4 COLLATE utf8mb4_general_ci NOT NULL,
  `fail_count` int NOT NULL,
  `user_ip` varchar(15) CHARACTER SET utf8mb4 COLLATE utf8mb4_general_ci NOT NULL,
  `update_date` datetime DEFAULT NULL,
  `active_yn` char(1) CHARACTER SET utf8mb4 COLLATE utf8mb4_general_ci NOT NULL,
  `otp_secret_key` varchar(100) CHARACTER SET utf8mb4 COLLATE utf8mb4_general_ci DEFAULT NULL,
  `otp_enable` tinyint(1) DEFAULT '0',
  PRIMARY KEY (`id`),
  UNIQUE KEY `IDX_e12875dfb3b1d92d7d7c5377e2` (`email`),
  KEY `user-company_id-company-id-fk_idx` (`company_id`) USING BTREE
) ENGINE=InnoDB AUTO_INCREMENT=820 DEFAULT CHARSET=utf8mb4 COLLATE=utf8mb4_general_ci;
/*!40101 SET character_set_client = @saved_cs_client */;

--
-- Dumping data for table `user`
--

LOCK TABLES `user` WRITE;
/*!40000 ALTER TABLE `user` DISABLE KEYS */;
INSERT INTO `user` VALUES (1,1,'csy@blockodyssey.io','U2FsdGVkX1990BFDSocadjlhRSSWBTvxCd4F6TnNzD0=',0,'1','2024-05-08 11:29:45','Y','U2FsdGVkX1/ZNXeeukUbHRFGXEY3/J50FgpYDiy69Olr4+vFvbJU4bLoyoaEhXom',1),(2,1,'brave_son@blockodyssey.io','U2FsdGVkX1/SfROZesa/hvCBCFguR25WSxp6zBIQVNk=',0,'1','2024-04-24 10:03:32','Y','U2FsdGVkX18BIts/xZBs7fLRefJzOqClgVcuzUT94JVV0gL33un35vvgJEwwbibI',1),(3,1,'approve01@blockodyssey.io','U2FsdGVkX19grCcz7aoD1DHftG5gvrsiskOL76xLyT8=',0,'1','2024-04-08 02:00:32','Y',NULL,0),(4,1,'approve02@blockodyssey.io','U2FsdGVkX19grCcz7aoD1DHftG5gvrsiskOL76xLyT8=',0,'1','2024-04-23 14:43:03','Y',NULL,0),(5,1,'approve03@blockodyssey.io','U2FsdGVkX19grCcz7aoD1DHftG5gvrsiskOL76xLyT8=',0,'1','2024-04-08 02:01:22','Y',NULL,0),(7,1,'approve04@blockodyssey.io','U2FsdGVkX19grCcz7aoD1DHftG5gvrsiskOL76xLyT8=',0,'1','2024-04-24 10:26:34','Y',NULL,0),(8,1,'final_approve@blockodyssey.io','U2FsdGVkX19grCcz7aoD1DHftG5gvrsiskOL76xLyT8=',0,'1','2024-04-08 02:05:24','Y',NULL,0),(9,1,'viewer01@blockodyssey.io','U2FsdGVkX19grCcz7aoD1DHftG5gvrsiskOL76xLyT8=',0,'1','2024-04-08 02:08:24','Y',NULL,0),(10,1,'viewer02@blockodyssey.io','U2FsdGVkX19grCcz7aoD1DHftG5gvrsiskOL76xLyT8=',0,'1','2024-04-08 02:08:37','Y',NULL,0),(11,1,'yhkim@blockodyssey.io','U2FsdGVkX1/ik7yxqUlsK8M/1TNJgeHoOn4S6en3t6s=',0,'1','2024-04-23 14:09:32','Y',NULL,1),(12,1,'oldcastle@blockodyssey.io','U2FsdGVkX1/34OMJ1A+JFdpIjJz9tTG7QQJoMFJ/P/8=',0,'1','2024-06-17 13:47:06','Y','U2FsdGVkX1/oaNnVs6ulLQN4ByEnoohB+MJ5MBOzcbHYexudg7aKS4d7ROIRX0Tq',1),(13,1,'bulk01@blockodyssey.io','U2FsdGVkX19grCcz7aoD1DHftG5gvrsiskOL76xLyT8=',0,'1','2024-04-16 07:27:56','Y',NULL,0),(15,1,'bulk02@blockodyssey.io','U2FsdGVkX1+ZycdY5+l2RBEXRDbKTfcP2VvavmVYIxs=',0,'1','2024-05-08 13:13:16','Y','U2FsdGVkX1/SSz4IaGu/FkB33ctnU+YitpVMy7qapbX9FF8hmqNMr2STudKbvVju',1),(19,1,'bulk06@blockodyssey.io','U2FsdGVkX1+efzhDO6gOm4ysouUVYMSTDcQskcsA51U=',0,'1','2024-05-08 13:19:30','Y',NULL,0),(20,1,'bulk07@blockodyssey.io','U2FsdGVkX19grCcz7aoD1DHftG5gvrsiskOL76xLyT8=',0,'1','2024-04-25 13:52:24','Y',NULL,0),(21,1,'bulk08@blockodyssey.io','U2FsdGVkX19grCcz7aoD1DHftG5gvrsiskOL76xLyT8=',0,'1','2024-04-16 07:34:07','Y',NULL,0),(22,1,'bulk09@blockodyssey.io','U2FsdGVkX19grCcz7aoD1DHftG5gvrsiskOL76xLyT8=',0,'1','2024-04-16 07:34:07','Y',NULL,0),(23,1,'bulk10@blockodyssey.io','U2FsdGVkX19ilHpfRj0STnSIj3yzteCW38GHDq4VPj4=',0,'1','2024-05-08 15:50:52','Y','U2FsdGVkX1/mzYgOPB6mrE/nhG7WgiN8UCoQsvJ1tpEHwErxGCvWhgSsZSnk1fbh',0),(24,1,'bulk11@blockodyssey.io','U2FsdGVkX18k/zbEvfiThY5LGUtjUzjc2hCj++O7iuM=',0,'1','2024-05-08 16:06:02','Y','U2FsdGVkX19GJOu2fKpM1eJ6RWrq9mavbr+TJN9m/2U40nYc5vhlfHiFtCDwMT0Y',1),(25,1,'bulk12@blockodyssey.io','U2FsdGVkX19grCcz7aoD1DHftG5gvrsiskOL76xLyT8=',0,'1','2024-04-16 07:34:07','Y',NULL,0),(26,1,'bulk13@blockodyssey.io','U2FsdGVkX19grCcz7aoD1DHftG5gvrsiskOL76xLyT8=',0,'1','2024-04-16 07:34:07','Y',NULL,0),(27,1,'bulk14@blockodyssey.io','U2FsdGVkX19grCcz7aoD1DHftG5gvrsiskOL76xLyT8=',0,'1','2024-04-16 07:34:07','Y',NULL,0),(28,1,'bulk15@blockodyssey.io','U2FsdGVkX19grCcz7aoD1DHftG5gvrsiskOL76xLyT8=',0,'1','2024-04-16 07:34:07','Y',NULL,0),(29,1,'bulk16@blockodyssey.io','U2FsdGVkX19grCcz7aoD1DHftG5gvrsiskOL76xLyT8=',0,'1','2024-04-16 07:34:07','Y',NULL,0),(30,1,'bulk17@blockodyssey.io','U2FsdGVkX19grCcz7aoD1DHftG5gvrsiskOL76xLyT8=',0,'1','2024-04-16 07:34:07','Y',NULL,0),(31,1,'bulk18@blockodyssey.io','U2FsdGVkX19grCcz7aoD1DHftG5gvrsiskOL76xLyT8=',0,'1','2024-04-16 07:34:07','Y',NULL,0),(32,1,'bulk19@blockodyssey.io','U2FsdGVkX19grCcz7aoD1DHftG5gvrsiskOL76xLyT8=',0,'1','2024-04-16 07:34:07','Y',NULL,0),(33,1,'bulk20@blockodyssey.io','U2FsdGVkX19grCcz7aoD1DHftG5gvrsiskOL76xLyT8=',0,'1','2024-04-16 07:34:07','Y',NULL,0),(34,1,'bulk21@blockodyssey.io','U2FsdGVkX18/dHV5TKTVj045nWVKEkrj4ev6ZnmVdGo=',0,'1','2024-05-08 16:15:51','Y','U2FsdGVkX18cUs7O72kPz3+py2mUaoq22obwf65zVgGYdzDPu7klGG1NgO4TOo8h',1),(35,1,'bulk22@blockodyssey.io','U2FsdGVkX1+bwLJsle8unQp2xHNw9QAaOi388UCNxng=',0,'1','2024-05-08 17:22:39','Y','U2FsdGVkX18nLFE36PMioUUhsXqsKw48tEbzVcpWLWSZjK9ADPoOhVNQucBl1uH4',1),(36,1,'bulk23@blockodyssey.io','U2FsdGVkX1+c1+xHLgvc1ryzdeVRZN++yfib6CqNHGM=',1,'1','2024-05-08 17:24:20','Y','U2FsdGVkX18BpaVpSg4x8zAN/oSwGmxe/V3nnBND7r0G8WTne31fTXaV4sM9ryUb',1),(37,1,'bulk24@blockodyssey.io','U2FsdGVkX19grCcz7aoD1DHftG5gvrsiskOL76xLyT8=',0,'1','2024-04-16 07:34:08','Y','U2FsdGVkX19VbFY0Env5yhnmVHfFx64GwuQXmgmSwaA4FZJBOQhtkjoAv57ZaUNO',0),(38,1,'bulk25@blockodyssey.io','U2FsdGVkX18G9fF9dOdcgVsDMteTkuTx4j/4rIwO3KM=',0,'1','2024-05-08 17:33:42','Y','U2FsdGVkX19WHyodApIrVCiP/w1yG7EONq2Sk3Twss2AfH1vvuAUMqsQG4n52qVd',1),(39,1,'bulk26@blockodyssey.io','U2FsdGVkX1+GEgnGPriDV/i4APyEmp4EclxeJcOebXg=',0,'1','2024-05-08 17:36:08','Y','U2FsdGVkX1930CUYKKtrzNtXCJ6PzcTczbF7JyiITnla7z3KJrcmlb9WDnD78vi9',1),(50,1,'bulk37@blockodyssey.io','U2FsdGVkX19grCcz7aoD1DHftG5gvrsiskOL76xLyT8=',0,'1','2024-04-25 16:13:51','Y',NULL,0),(51,1,'bulk38@blockodyssey.io','U2FsdGVkX19grCcz7aoD1DHftG5gvrsiskOL76xLyT8=',0,'1','2024-04-16 07:34:09','Y',NULL,0),(53,1,'bulk40@blockodyssey.io','U2FsdGVkX19grCcz7aoD1DHftG5gvrsiskOL76xLyT8=',0,'1','2024-04-16 07:35:40','Y',NULL,0),(54,1,'bulk41@blockodyssey.io','U2FsdGVkX19grCcz7aoD1DHftG5gvrsiskOL76xLyT8=',0,'1','2024-04-16 07:35:40','Y',NULL,0),(55,1,'bulk42@blockodyssey.io','U2FsdGVkX19grCcz7aoD1DHftG5gvrsiskOL76xLyT8=',0,'1','2024-04-25 16:18:31','Y',NULL,0),(56,1,'bulk43@blockodyssey.io','U2FsdGVkX19grCcz7aoD1DHftG5gvrsiskOL76xLyT8=',0,'1','2024-04-16 07:35:40','Y',NULL,0),(57,1,'bulk44@blockodyssey.io','U2FsdGVkX19grCcz7aoD1DHftG5gvrsiskOL76xLyT8=',0,'1','2024-04-16 07:35:40','Y',NULL,0),(58,1,'bulk45@blockodyssey.io','U2FsdGVkX19grCcz7aoD1DHftG5gvrsiskOL76xLyT8=',0,'1','2024-04-16 07:35:40','Y',NULL,0),(59,1,'bulk46@blockodyssey.io','U2FsdGVkX19grCcz7aoD1DHftG5gvrsiskOL76xLyT8=',0,'1','2024-04-16 07:35:40','Y',NULL,0),(60,1,'bulk47@blockodyssey.io','U2FsdGVkX19grCcz7aoD1DHftG5gvrsiskOL76xLyT8=',0,'1','2024-04-16 07:35:40','Y',NULL,0),(61,1,'bulk48@blockodyssey.io','U2FsdGVkX19grCcz7aoD1DHftG5gvrsiskOL76xLyT8=',0,'1','2024-04-16 07:35:40','Y',NULL,0),(62,1,'bulk49@blockodyssey.io','U2FsdGVkX19grCcz7aoD1DHftG5gvrsiskOL76xLyT8=',0,'1','2024-04-16 07:35:40','Y',NULL,0),(63,1,'bulk50@blockodyssey.io','U2FsdGVkX19grCcz7aoD1DHftG5gvrsiskOL76xLyT8=',0,'1','2024-04-16 07:35:40','Y','U2FsdGVkX18NuR2qOacNidYV3HCoy4PJIbS+jjWfjxLoE6xCAewA3M0WmxEsks+5',0),(64,1,'bulk51@blockodyssey.io','U2FsdGVkX1+pWQt2YocyqOJz4Yd5506vp3cmLC9iDVk=',0,'1','2024-05-08 17:37:57','Y','U2FsdGVkX1/c7Y0IWUFA8Qva3MZDKw1YZOJtE+55SzNqN3Wtzx2kVH7TjVPpVJcF',1),(65,1,'bulk52@blockodyssey.io','U2FsdGVkX19grCcz7aoD1DHftG5gvrsiskOL76xLyT8=',0,'1','2024-04-16 07:35:41','Y',NULL,0),(66,1,'bulk53@blockodyssey.io','U2FsdGVkX1/OEw5nTTDq3eetePFBVf/7pqHBA7Ufbik=',0,'1','2024-05-08 17:59:08','Y','U2FsdGVkX1+HVHAaSQs1rVPvtJgQEkiyuhWxodTLQZtyh7Ft3ExR6q38kSwQLiqo',1),(67,1,'bulk54@blockodyssey.io','U2FsdGVkX18/yO8fI6IEVf4bw3vLB/TgB+S869tz7Ao=',0,'1','2024-05-08 18:03:24','Y','U2FsdGVkX1/htC4zR7PHQq5upDBDrKYFD3S+HbhImUwTgycsEeKunzAfEXVKaOR/',1),(68,1,'bulk55@blockodyssey.io','U2FsdGVkX18wjTaTzj2mOzb7ijSBDsyGJJRqcIINccU=',0,'1','2024-05-14 09:56:23','Y','U2FsdGVkX18zWq7K78SNMJOaMkp82NQl6/nGN9S4hcGo2ILhnp2haTIkutvymCQQ',1),(69,1,'bulk56@blockodyssey.io','U2FsdGVkX19grCcz7aoD1DHftG5gvrsiskOL76xLyT8=',0,'1','2024-04-16 07:35:41','Y',NULL,0),(70,1,'bulk57@blockodyssey.io','U2FsdGVkX19grCcz7aoD1DHftG5gvrsiskOL76xLyT8=',0,'1','2024-04-16 07:35:41','Y','U2FsdGVkX18DAFkEh6/NNch3wQXOJFW0VJH6oGNAftlVYmnwir1p0mXEQtxpiZzy',0),(71,1,'bulk58@blockodyssey.io','U2FsdGVkX19grCcz7aoD1DHftG5gvrsiskOL76xLyT8=',0,'1','2024-04-16 07:35:41','Y',NULL,0),(72,1,'bulk59@blockodyssey.io','U2FsdGVkX19grCcz7aoD1DHftG5gvrsiskOL76xLyT8=',0,'1','2024-04-16 07:35:41','Y',NULL,0),(73,1,'bulk60@blockodyssey.io','U2FsdGVkX19grCcz7aoD1DHftG5gvrsiskOL76xLyT8=',0,'1','2024-04-16 07:35:41','Y',NULL,0),(74,1,'bulk61@blockodyssey.io','U2FsdGVkX19grCcz7aoD1DHftG5gvrsiskOL76xLyT8=',0,'1','2024-04-16 07:35:41','Y',NULL,0),(75,1,'bulk62@blockodyssey.io','U2FsdGVkX19grCcz7aoD1DHftG5gvrsiskOL76xLyT8=',0,'1','2024-04-16 07:35:41','Y',NULL,0),(76,1,'bulk63@blockodyssey.io','U2FsdGVkX19grCcz7aoD1DHftG5gvrsiskOL76xLyT8=',0,'1','2024-04-16 07:35:41','Y',NULL,0),(77,1,'bulk64@blockodyssey.io','U2FsdGVkX19grCcz7aoD1DHftG5gvrsiskOL76xLyT8=',0,'1','2024-04-16 07:35:41','Y',NULL,0),(78,1,'bulk65@blockodyssey.io','U2FsdGVkX19grCcz7aoD1DHftG5gvrsiskOL76xLyT8=',0,'1','2024-04-16 07:35:41','Y',NULL,0),(79,1,'bulk66@blockodyssey.io','U2FsdGVkX19grCcz7aoD1DHftG5gvrsiskOL76xLyT8=',0,'1','2024-04-16 07:35:41','Y',NULL,0),(80,1,'bulk67@blockodyssey.io','U2FsdGVkX19grCcz7aoD1DHftG5gvrsiskOL76xLyT8=',0,'1','2024-04-16 07:35:41','Y',NULL,0),(81,1,'bulk68@blockodyssey.io','U2FsdGVkX19grCcz7aoD1DHftG5gvrsiskOL76xLyT8=',0,'1','2024-04-16 07:35:42','Y',NULL,0),(82,1,'bulk69@blockodyssey.io','U2FsdGVkX19grCcz7aoD1DHftG5gvrsiskOL76xLyT8=',0,'1','2024-04-16 07:35:42','Y','U2FsdGVkX19GJOu2fKpM1eJ6RWrq9mavbr+TJN9m/2U40nYc5vhlfHiFtCDwMT0Y',1),(83,1,'bulk70@blockodyssey.io','U2FsdGVkX19grCcz7aoD1DHftG5gvrsiskOL76xLyT8=',0,'1','2024-04-16 07:36:17','Y',NULL,0),(84,1,'bulk71@blockodyssey.io','U2FsdGVkX19grCcz7aoD1DHftG5gvrsiskOL76xLyT8=',0,'1','2024-04-16 07:36:17','Y',NULL,0),(85,1,'bulk72@blockodyssey.io','U2FsdGVkX19grCcz7aoD1DHftG5gvrsiskOL76xLyT8=',0,'1','2024-04-16 07:36:17','Y',NULL,0),(86,1,'bulk73@blockodyssey.io','U2FsdGVkX19grCcz7aoD1DHftG5gvrsiskOL76xLyT8=',0,'1','2024-04-16 07:36:17','Y',NULL,0),(87,1,'bulk74@blockodyssey.io','U2FsdGVkX19grCcz7aoD1DHftG5gvrsiskOL76xLyT8=',0,'1','2024-04-16 07:36:17','Y',NULL,0),(88,1,'bulk75@blockodyssey.io','U2FsdGVkX19grCcz7aoD1DHftG5gvrsiskOL76xLyT8=',0,'1','2024-04-16 07:36:17','Y',NULL,0),(89,1,'bulk76@blockodyssey.io','U2FsdGVkX19grCcz7aoD1DHftG5gvrsiskOL76xLyT8=',0,'1','2024-04-16 07:36:17','Y',NULL,0),(90,1,'bulk77@blockodyssey.io','U2FsdGVkX19grCcz7aoD1DHftG5gvrsiskOL76xLyT8=',0,'1','2024-04-16 07:36:17','Y',NULL,0),(91,1,'bulk78@blockodyssey.io','U2FsdGVkX19grCcz7aoD1DHftG5gvrsiskOL76xLyT8=',0,'1','2024-04-16 07:36:17','Y',NULL,0),(92,1,'bulk79@blockodyssey.io','U2FsdGVkX19grCcz7aoD1DHftG5gvrsiskOL76xLyT8=',0,'1','2024-04-16 07:36:17','Y',NULL,0),(93,1,'bulk80@blockodyssey.io','U2FsdGVkX19grCcz7aoD1DHftG5gvrsiskOL76xLyT8=',0,'1','2024-04-16 07:36:17','Y',NULL,0),(94,1,'bulk81@blockodyssey.io','U2FsdGVkX19grCcz7aoD1DHftG5gvrsiskOL76xLyT8=',0,'1','2024-04-16 07:36:17','Y',NULL,0),(95,1,'bulk82@blockodyssey.io','U2FsdGVkX19grCcz7aoD1DHftG5gvrsiskOL76xLyT8=',0,'1','2024-04-16 07:36:17','Y',NULL,0),(96,1,'bulk83@blockodyssey.io','U2FsdGVkX19grCcz7aoD1DHftG5gvrsiskOL76xLyT8=',0,'1','2024-04-16 07:36:18','Y',NULL,0),(97,1,'bulk84@blockodyssey.io','U2FsdGVkX19grCcz7aoD1DHftG5gvrsiskOL76xLyT8=',0,'1','2024-04-16 07:36:18','Y',NULL,0),(98,1,'bulk85@blockodyssey.io','U2FsdGVkX19grCcz7aoD1DHftG5gvrsiskOL76xLyT8=',0,'1','2024-04-16 07:36:18','Y',NULL,0),(99,1,'bulk86@blockodyssey.io','U2FsdGVkX19grCcz7aoD1DHftG5gvrsiskOL76xLyT8=',0,'1','2024-04-16 07:36:18','Y',NULL,0),(100,1,'bulk87@blockodyssey.io','U2FsdGVkX19grCcz7aoD1DHftG5gvrsiskOL76xLyT8=',0,'1','2024-04-16 07:36:18','Y',NULL,0),(101,1,'bulk88@blockodyssey.io','U2FsdGVkX19grCcz7aoD1DHftG5gvrsiskOL76xLyT8=',0,'1','2024-04-16 07:36:18','Y',NULL,0),(102,1,'bulk89@blockodyssey.io','U2FsdGVkX19grCcz7aoD1DHftG5gvrsiskOL76xLyT8=',0,'1','2024-04-16 07:36:18','Y',NULL,0),(103,1,'bulk90@blockodyssey.io','U2FsdGVkX19grCcz7aoD1DHftG5gvrsiskOL76xLyT8=',0,'1','2024-04-16 07:36:18','Y',NULL,0),(104,1,'bulk91@blockodyssey.io','U2FsdGVkX19grCcz7aoD1DHftG5gvrsiskOL76xLyT8=',0,'1','2024-04-16 07:36:18','Y',NULL,0),(105,1,'bulk92@blockodyssey.io','U2FsdGVkX19grCcz7aoD1DHftG5gvrsiskOL76xLyT8=',0,'1','2024-04-16 07:36:18','Y',NULL,0),(106,1,'bulk93@blockodyssey.io','U2FsdGVkX19grCcz7aoD1DHftG5gvrsiskOL76xLyT8=',0,'1','2024-04-16 07:36:18','Y',NULL,0),(107,1,'bulk94@blockodyssey.io','U2FsdGVkX19grCcz7aoD1DHftG5gvrsiskOL76xLyT8=',0,'1','2024-04-16 07:36:18','Y',NULL,0),(108,1,'bulk95@blockodyssey.io','U2FsdGVkX19grCcz7aoD1DHftG5gvrsiskOL76xLyT8=',0,'1','2024-04-16 07:36:18','Y',NULL,0),(109,1,'bulk96@blockodyssey.io','U2FsdGVkX19grCcz7aoD1DHftG5gvrsiskOL76xLyT8=',0,'1','2024-04-16 07:36:18','Y',NULL,0),(110,1,'bulk97@blockodyssey.io','U2FsdGVkX19grCcz7aoD1DHftG5gvrsiskOL76xLyT8=',0,'1','2024-04-16 07:36:18','Y',NULL,0),(111,1,'bulk98@blockodyssey.io','U2FsdGVkX19grCcz7aoD1DHftG5gvrsiskOL76xLyT8=',0,'1','2024-04-16 07:36:18','Y',NULL,0),(112,1,'bulk99@blockodyssey.io','U2FsdGVkX19grCcz7aoD1DHftG5gvrsiskOL76xLyT8=',0,'1','2024-04-16 07:36:18','Y',NULL,0),(113,1,'bulk110@blockodyssey.io','U2FsdGVkX19dx/al4BMZUjBqZAEFnxfKcz8atlbkRRo=',0,'1','2024-06-05 16:36:38','Y','U2FsdGVkX185K+BhJhlqUpnkL0WSxylQWAp8wViL5ZXKhpToON2mIoTJ8ipfjzLf',1),(114,1,'bulk111@blockodyssey.io','U2FsdGVkX19grCcz7aoD1DHftG5gvrsiskOL76xLyT8=',0,'1','2024-04-16 07:38:13','Y',NULL,0),(115,1,'bulk112@blockodyssey.io','U2FsdGVkX19grCcz7aoD1DHftG5gvrsiskOL76xLyT8=',0,'1','2024-04-16 07:38:13','Y',NULL,0),(116,1,'bulk113@blockodyssey.io','U2FsdGVkX19grCcz7aoD1DHftG5gvrsiskOL76xLyT8=',0,'1','2024-04-16 07:38:13','Y',NULL,0),(117,1,'bulk114@blockodyssey.io','U2FsdGVkX19grCcz7aoD1DHftG5gvrsiskOL76xLyT8=',0,'1','2024-04-16 07:38:13','Y',NULL,0),(118,1,'bulk115@blockodyssey.io','U2FsdGVkX19grCcz7aoD1DHftG5gvrsiskOL76xLyT8=',0,'1','2024-04-16 07:38:13','Y',NULL,0),(119,1,'bulk116@blockodyssey.io','U2FsdGVkX19grCcz7aoD1DHftG5gvrsiskOL76xLyT8=',0,'1','2024-04-16 07:38:13','Y',NULL,0),(120,1,'bulk117@blockodyssey.io','U2FsdGVkX19grCcz7aoD1DHftG5gvrsiskOL76xLyT8=',0,'1','2024-04-16 07:38:13','Y',NULL,0),(121,1,'bulk118@blockodyssey.io','U2FsdGVkX19grCcz7aoD1DHftG5gvrsiskOL76xLyT8=',0,'1','2024-04-16 07:38:13','Y',NULL,0),(122,1,'bulk119@blockodyssey.io','U2FsdGVkX19grCcz7aoD1DHftG5gvrsiskOL76xLyT8=',0,'1','2024-04-16 07:38:13','Y',NULL,0),(123,1,'bulk120@blockodyssey.io','U2FsdGVkX19grCcz7aoD1DHftG5gvrsiskOL76xLyT8=',0,'1','2024-04-16 07:38:13','Y',NULL,0),(124,1,'bulk121@blockodyssey.io','U2FsdGVkX19grCcz7aoD1DHftG5gvrsiskOL76xLyT8=',0,'1','2024-04-16 07:38:13','Y',NULL,0),(125,1,'bulk122@blockodyssey.io','U2FsdGVkX19grCcz7aoD1DHftG5gvrsiskOL76xLyT8=',0,'1','2024-04-16 07:38:13','Y',NULL,0),(126,1,'bulk123@blockodyssey.io','U2FsdGVkX19grCcz7aoD1DHftG5gvrsiskOL76xLyT8=',0,'1','2024-04-16 07:38:13','Y',NULL,0),(127,1,'bulk124@blockodyssey.io','U2FsdGVkX19grCcz7aoD1DHftG5gvrsiskOL76xLyT8=',0,'1','2024-04-16 07:38:13','Y',NULL,0),(128,1,'bulk125@blockodyssey.io','U2FsdGVkX19grCcz7aoD1DHftG5gvrsiskOL76xLyT8=',0,'1','2024-04-16 07:38:13','Y',NULL,0),(129,1,'bulk126@blockodyssey.io','U2FsdGVkX19grCcz7aoD1DHftG5gvrsiskOL76xLyT8=',0,'1','2024-04-16 07:38:13','Y',NULL,0),(130,1,'bulk127@blockodyssey.io','U2FsdGVkX19grCcz7aoD1DHftG5gvrsiskOL76xLyT8=',0,'1','2024-04-16 07:38:13','Y',NULL,0),(131,1,'bulk128@blockodyssey.io','U2FsdGVkX19grCcz7aoD1DHftG5gvrsiskOL76xLyT8=',0,'1','2024-04-16 07:38:14','Y',NULL,0),(132,1,'bulk129@blockodyssey.io','U2FsdGVkX19grCcz7aoD1DHftG5gvrsiskOL76xLyT8=',0,'1','2024-04-16 07:38:14','Y',NULL,0),(133,1,'bulk130@blockodyssey.io','U2FsdGVkX19grCcz7aoD1DHftG5gvrsiskOL76xLyT8=',0,'1','2024-04-16 07:38:14','Y',NULL,0),(134,1,'bulk131@blockodyssey.io','U2FsdGVkX19grCcz7aoD1DHftG5gvrsiskOL76xLyT8=',0,'1','2024-04-16 07:38:14','Y',NULL,0),(135,1,'bulk132@blockodyssey.io','U2FsdGVkX19grCcz7aoD1DHftG5gvrsiskOL76xLyT8=',0,'1','2024-04-16 07:38:14','Y',NULL,0),(136,1,'bulk133@blockodyssey.io','U2FsdGVkX19grCcz7aoD1DHftG5gvrsiskOL76xLyT8=',0,'1','2024-04-16 07:38:14','Y',NULL,0),(137,1,'bulk134@blockodyssey.io','U2FsdGVkX19grCcz7aoD1DHftG5gvrsiskOL76xLyT8=',0,'1','2024-04-16 07:38:14','Y',NULL,0),(138,1,'bulk135@blockodyssey.io','U2FsdGVkX19grCcz7aoD1DHftG5gvrsiskOL76xLyT8=',0,'1','2024-04-16 07:38:14','Y',NULL,0),(139,1,'bulk136@blockodyssey.io','U2FsdGVkX19grCcz7aoD1DHftG5gvrsiskOL76xLyT8=',0,'1','2024-04-16 07:38:14','Y',NULL,0),(140,1,'bulk137@blockodyssey.io','U2FsdGVkX19grCcz7aoD1DHftG5gvrsiskOL76xLyT8=',0,'1','2024-04-16 07:38:14','Y',NULL,0),(141,1,'bulk138@blockodyssey.io','U2FsdGVkX19grCcz7aoD1DHftG5gvrsiskOL76xLyT8=',0,'1','2024-04-16 07:38:14','Y',NULL,0),(142,1,'bulk139@blockodyssey.io','U2FsdGVkX19grCcz7aoD1DHftG5gvrsiskOL76xLyT8=',0,'1','2024-04-16 07:38:14','Y',NULL,0),(143,1,'bulk140@blockodyssey.io','U2FsdGVkX19grCcz7aoD1DHftG5gvrsiskOL76xLyT8=',0,'1','2024-04-16 07:38:51','Y',NULL,0),(144,1,'bulk141@blockodyssey.io','U2FsdGVkX19grCcz7aoD1DHftG5gvrsiskOL76xLyT8=',0,'1','2024-04-16 07:38:51','Y',NULL,0),(145,1,'bulk142@blockodyssey.io','U2FsdGVkX19grCcz7aoD1DHftG5gvrsiskOL76xLyT8=',0,'1','2024-04-16 07:38:51','Y',NULL,0),(146,1,'bulk143@blockodyssey.io','U2FsdGVkX19grCcz7aoD1DHftG5gvrsiskOL76xLyT8=',0,'1','2024-04-16 07:38:51','Y',NULL,0),(147,1,'bulk144@blockodyssey.io','U2FsdGVkX19grCcz7aoD1DHftG5gvrsiskOL76xLyT8=',0,'1','2024-04-16 07:38:51','Y',NULL,0),(148,1,'bulk145@blockodyssey.io','U2FsdGVkX19grCcz7aoD1DHftG5gvrsiskOL76xLyT8=',0,'1','2024-04-16 07:38:51','Y',NULL,0),(149,1,'bulk146@blockodyssey.io','U2FsdGVkX19grCcz7aoD1DHftG5gvrsiskOL76xLyT8=',0,'1','2024-04-16 07:38:51','Y',NULL,0),(150,1,'bulk147@blockodyssey.io','U2FsdGVkX19grCcz7aoD1DHftG5gvrsiskOL76xLyT8=',0,'1','2024-04-16 07:38:51','Y',NULL,0),(151,1,'bulk148@blockodyssey.io','U2FsdGVkX19grCcz7aoD1DHftG5gvrsiskOL76xLyT8=',0,'1','2024-04-16 07:38:51','Y',NULL,0),(152,1,'bulk149@blockodyssey.io','U2FsdGVkX19grCcz7aoD1DHftG5gvrsiskOL76xLyT8=',0,'1','2024-04-16 07:38:51','Y',NULL,0),(153,1,'bulk150@blockodyssey.io','U2FsdGVkX19grCcz7aoD1DHftG5gvrsiskOL76xLyT8=',0,'1','2024-04-16 07:38:51','Y',NULL,0),(154,1,'bulk151@blockodyssey.io','U2FsdGVkX19grCcz7aoD1DHftG5gvrsiskOL76xLyT8=',0,'1','2024-04-16 07:38:52','Y',NULL,0),(155,1,'bulk152@blockodyssey.io','U2FsdGVkX19grCcz7aoD1DHftG5gvrsiskOL76xLyT8=',0,'1','2024-04-16 07:38:52','Y',NULL,0),(156,1,'bulk153@blockodyssey.io','U2FsdGVkX19grCcz7aoD1DHftG5gvrsiskOL76xLyT8=',0,'1','2024-04-16 07:38:52','Y',NULL,0),(157,1,'bulk154@blockodyssey.io','U2FsdGVkX19grCcz7aoD1DHftG5gvrsiskOL76xLyT8=',0,'1','2024-04-16 07:38:52','Y',NULL,0),(158,1,'bulk155@blockodyssey.io','U2FsdGVkX19grCcz7aoD1DHftG5gvrsiskOL76xLyT8=',0,'1','2024-04-16 07:38:52','Y',NULL,0),(159,1,'bulk156@blockodyssey.io','U2FsdGVkX19grCcz7aoD1DHftG5gvrsiskOL76xLyT8=',0,'1','2024-04-16 07:38:52','Y',NULL,0),(160,1,'bulk157@blockodyssey.io','U2FsdGVkX19grCcz7aoD1DHftG5gvrsiskOL76xLyT8=',0,'1','2024-04-16 07:38:52','Y',NULL,0),(161,1,'bulk158@blockodyssey.io','U2FsdGVkX19grCcz7aoD1DHftG5gvrsiskOL76xLyT8=',0,'1','2024-04-16 07:38:52','Y',NULL,0),(162,1,'bulk159@blockodyssey.io','U2FsdGVkX19grCcz7aoD1DHftG5gvrsiskOL76xLyT8=',0,'1','2024-04-16 07:38:52','Y',NULL,0),(163,1,'bulk160@blockodyssey.io','U2FsdGVkX19grCcz7aoD1DHftG5gvrsiskOL76xLyT8=',0,'1','2024-04-16 07:38:52','Y',NULL,0),(164,1,'bulk161@blockodyssey.io','U2FsdGVkX19grCcz7aoD1DHftG5gvrsiskOL76xLyT8=',0,'1','2024-04-16 07:38:52','Y',NULL,0),(165,1,'bulk162@blockodyssey.io','U2FsdGVkX19grCcz7aoD1DHftG5gvrsiskOL76xLyT8=',0,'1','2024-04-16 07:38:52','Y',NULL,0),(166,1,'bulk163@blockodyssey.io','U2FsdGVkX19grCcz7aoD1DHftG5gvrsiskOL76xLyT8=',0,'1','2024-04-16 07:38:52','Y',NULL,0),(167,1,'bulk164@blockodyssey.io','U2FsdGVkX19grCcz7aoD1DHftG5gvrsiskOL76xLyT8=',0,'1','2024-04-16 07:38:52','Y',NULL,0),(168,1,'bulk165@blockodyssey.io','U2FsdGVkX19grCcz7aoD1DHftG5gvrsiskOL76xLyT8=',0,'1','2024-04-16 07:38:52','Y',NULL,0),(169,1,'bulk166@blockodyssey.io','U2FsdGVkX19grCcz7aoD1DHftG5gvrsiskOL76xLyT8=',0,'1','2024-04-16 07:38:52','Y',NULL,0),(170,1,'bulk167@blockodyssey.io','U2FsdGVkX19grCcz7aoD1DHftG5gvrsiskOL76xLyT8=',0,'1','2024-04-16 07:38:52','Y',NULL,0),(171,1,'bulk168@blockodyssey.io','U2FsdGVkX19grCcz7aoD1DHftG5gvrsiskOL76xLyT8=',0,'1','2024-04-16 07:38:53','Y',NULL,0),(172,1,'bulk169@blockodyssey.io','U2FsdGVkX19grCcz7aoD1DHftG5gvrsiskOL76xLyT8=',0,'1','2024-04-16 07:38:53','Y',NULL,0),(173,1,'bulk200@blockodyssey.io','U2FsdGVkX19grCcz7aoD1DHftG5gvrsiskOL76xLyT8=',0,'1','2024-04-16 07:45:46','Y',NULL,0),(174,1,'bulk201@blockodyssey.io','U2FsdGVkX19grCcz7aoD1DHftG5gvrsiskOL76xLyT8=',0,'1','2024-04-16 07:45:46','Y',NULL,0),(175,1,'bulk202@blockodyssey.io','U2FsdGVkX19grCcz7aoD1DHftG5gvrsiskOL76xLyT8=',0,'1','2024-04-16 07:45:46','Y',NULL,0),(176,1,'bulk300@blockodyssey.io','U2FsdGVkX19grCcz7aoD1DHftG5gvrsiskOL76xLyT8=',0,'1','2024-04-16 07:47:01','Y',NULL,0),(177,1,'bulk302@blockodyssey.io','U2FsdGVkX19H1XEIca04i3tl2197QAD0+fZSum25fus=',0,'1','2024-05-08 17:45:38','Y','U2FsdGVkX18cUs7O72kPz3+py2mUaoq22obwf65zVgGYdzDPu7klGG1NgO4TOo8h',1),(178,1,'bulk303@blockodyssey.io','U2FsdGVkX19grCcz7aoD1DHftG5gvrsiskOL76xLyT8=',0,'1','2022-04-01 00:00:00','Y','U2FsdGVkX18cUs7O72kPz3+py2mUaoq22obwf65zVgGYdzDPu7klGG1NgO4TOo8h',1),(179,1,'bulk305@blockodyssey.io','U2FsdGVkX19grCcz7aoD1DHftG5gvrsiskOL76xLyT8=',0,'1','2022-04-01 00:00:00','Y','U2FsdGVkX18cUs7O72kPz3+py2mUaoq22obwf65zVgGYdzDPu7klGG1NgO4TOo8h',1),(180,1,'bulk301@blockodyssey.io','U2FsdGVkX18SclDn4K4QtU5P6lZ9S202BU+KX6n2Brc=',0,'1','2024-05-08 17:44:50','Y','U2FsdGVkX18cUs7O72kPz3+py2mUaoq22obwf65zVgGYdzDPu7klGG1NgO4TOo8h',1),(181,1,'bulk304@blockodyssey.io','U2FsdGVkX19grCcz7aoD1DHftG5gvrsiskOL76xLyT8=',0,'1','2022-04-01 00:00:00','Y','U2FsdGVkX18cUs7O72kPz3+py2mUaoq22obwf65zVgGYdzDPu7klGG1NgO4TOo8h',1),(182,1,'bulk306@blockodyssey.io','U2FsdGVkX19grCcz7aoD1DHftG5gvrsiskOL76xLyT8=',0,'1','2022-04-01 00:00:00','Y','U2FsdGVkX18cUs7O72kPz3+py2mUaoq22obwf65zVgGYdzDPu7klGG1NgO4TOo8h',1),(183,1,'bulk307@blockodyssey.io','U2FsdGVkX19grCcz7aoD1DHftG5gvrsiskOL76xLyT8=',0,'1','2022-04-01 00:00:00','Y','U2FsdGVkX18cUs7O72kPz3+py2mUaoq22obwf65zVgGYdzDPu7klGG1NgO4TOo8h',1),(184,1,'bulk309@blockodyssey.io','U2FsdGVkX19grCcz7aoD1DHftG5gvrsiskOL76xLyT8=',0,'1','2022-04-01 00:00:00','Y','U2FsdGVkX18cUs7O72kPz3+py2mUaoq22obwf65zVgGYdzDPu7klGG1NgO4TOo8h',1),(185,1,'bulk308@blockodyssey.io','U2FsdGVkX19grCcz7aoD1DHftG5gvrsiskOL76xLyT8=',0,'1','2022-04-01 00:00:00','Y','U2FsdGVkX18cUs7O72kPz3+py2mUaoq22obwf65zVgGYdzDPu7klGG1NgO4TOo8h',1),(186,1,'bulk310@blockodyssey.io','U2FsdGVkX19grCcz7aoD1DHftG5gvrsiskOL76xLyT8=',0,'1','2022-04-01 00:00:00','Y','U2FsdGVkX18cUs7O72kPz3+py2mUaoq22obwf65zVgGYdzDPu7klGG1NgO4TOo8h',1),(187,1,'bulk311@blockodyssey.io','U2FsdGVkX19grCcz7aoD1DHftG5gvrsiskOL76xLyT8=',0,'1','2022-04-01 00:00:00','Y','U2FsdGVkX18cUs7O72kPz3+py2mUaoq22obwf65zVgGYdzDPu7klGG1NgO4TOo8h',1),(188,1,'bulk312@blockodyssey.io','U2FsdGVkX19grCcz7aoD1DHftG5gvrsiskOL76xLyT8=',0,'1','2022-04-01 00:00:00','Y','U2FsdGVkX18cUs7O72kPz3+py2mUaoq22obwf65zVgGYdzDPu7klGG1NgO4TOo8h',1),(189,1,'bulk313@blockodyssey.io','U2FsdGVkX19grCcz7aoD1DHftG5gvrsiskOL76xLyT8=',0,'1','2022-04-01 00:00:00','Y','U2FsdGVkX18cUs7O72kPz3+py2mUaoq22obwf65zVgGYdzDPu7klGG1NgO4TOo8h',1),(190,1,'bulk314@blockodyssey.io','U2FsdGVkX19grCcz7aoD1DHftG5gvrsiskOL76xLyT8=',0,'1','2022-04-01 00:00:00','Y','U2FsdGVkX18cUs7O72kPz3+py2mUaoq22obwf65zVgGYdzDPu7klGG1NgO4TOo8h',1),(191,1,'bulk315@blockodyssey.io','U2FsdGVkX19grCcz7aoD1DHftG5gvrsiskOL76xLyT8=',0,'1','2022-04-01 00:00:00','Y','U2FsdGVkX18cUs7O72kPz3+py2mUaoq22obwf65zVgGYdzDPu7klGG1NgO4TOo8h',1),(192,1,'bulk316@blockodyssey.io','U2FsdGVkX19grCcz7aoD1DHftG5gvrsiskOL76xLyT8=',0,'1','2022-04-01 00:00:00','Y','U2FsdGVkX18cUs7O72kPz3+py2mUaoq22obwf65zVgGYdzDPu7klGG1NgO4TOo8h',1),(193,1,'bulk317@blockodyssey.io','U2FsdGVkX19grCcz7aoD1DHftG5gvrsiskOL76xLyT8=',0,'1','2022-04-01 00:00:00','Y','U2FsdGVkX18cUs7O72kPz3+py2mUaoq22obwf65zVgGYdzDPu7klGG1NgO4TOo8h',1),(194,1,'bulk318@blockodyssey.io','U2FsdGVkX19grCcz7aoD1DHftG5gvrsiskOL76xLyT8=',0,'1','2022-04-01 00:00:00','Y','U2FsdGVkX18cUs7O72kPz3+py2mUaoq22obwf65zVgGYdzDPu7klGG1NgO4TOo8h',1),(195,1,'bulk319@blockodyssey.io','U2FsdGVkX19grCcz7aoD1DHftG5gvrsiskOL76xLyT8=',0,'1','2022-04-01 00:00:00','Y','U2FsdGVkX18cUs7O72kPz3+py2mUaoq22obwf65zVgGYdzDPu7klGG1NgO4TOo8h',1),(196,1,'bulk320@blockodyssey.io','U2FsdGVkX19grCcz7aoD1DHftG5gvrsiskOL76xLyT8=',0,'1','2022-04-01 00:00:00','Y','U2FsdGVkX18cUs7O72kPz3+py2mUaoq22obwf65zVgGYdzDPu7klGG1NgO4TOo8h',1),(197,1,'bulk321@blockodyssey.io','U2FsdGVkX19grCcz7aoD1DHftG5gvrsiskOL76xLyT8=',0,'1','2022-04-01 00:00:00','Y','U2FsdGVkX18cUs7O72kPz3+py2mUaoq22obwf65zVgGYdzDPu7klGG1NgO4TOo8h',1),(198,1,'bulk322@blockodyssey.io','U2FsdGVkX19grCcz7aoD1DHftG5gvrsiskOL76xLyT8=',0,'1','2022-04-01 00:00:00','Y','U2FsdGVkX18cUs7O72kPz3+py2mUaoq22obwf65zVgGYdzDPu7klGG1NgO4TOo8h',1),(199,1,'bulk323@blockodyssey.io','U2FsdGVkX19grCcz7aoD1DHftG5gvrsiskOL76xLyT8=',0,'1','2022-04-01 00:00:00','Y','U2FsdGVkX18cUs7O72kPz3+py2mUaoq22obwf65zVgGYdzDPu7klGG1NgO4TOo8h',1),(200,1,'bulk324@blockodyssey.io','U2FsdGVkX19grCcz7aoD1DHftG5gvrsiskOL76xLyT8=',0,'1','2022-04-01 00:00:00','Y','U2FsdGVkX18cUs7O72kPz3+py2mUaoq22obwf65zVgGYdzDPu7klGG1NgO4TOo8h',1),(201,1,'bulk325@blockodyssey.io','U2FsdGVkX19grCcz7aoD1DHftG5gvrsiskOL76xLyT8=',0,'1','2022-04-01 00:00:00','Y','U2FsdGVkX18cUs7O72kPz3+py2mUaoq22obwf65zVgGYdzDPu7klGG1NgO4TOo8h',1),(202,1,'bulk326@blockodyssey.io','U2FsdGVkX19grCcz7aoD1DHftG5gvrsiskOL76xLyT8=',0,'1','2022-04-01 00:00:00','Y','U2FsdGVkX18cUs7O72kPz3+py2mUaoq22obwf65zVgGYdzDPu7klGG1NgO4TOo8h',1),(203,1,'bulk327@blockodyssey.io','U2FsdGVkX19grCcz7aoD1DHftG5gvrsiskOL76xLyT8=',0,'1','2022-04-01 00:00:00','Y','U2FsdGVkX18cUs7O72kPz3+py2mUaoq22obwf65zVgGYdzDPu7klGG1NgO4TOo8h',1),(204,1,'bulk328@blockodyssey.io','U2FsdGVkX19grCcz7aoD1DHftG5gvrsiskOL76xLyT8=',0,'1','2022-04-01 00:00:00','Y','U2FsdGVkX18cUs7O72kPz3+py2mUaoq22obwf65zVgGYdzDPu7klGG1NgO4TOo8h',1),(205,1,'bulk329@blockodyssey.io','U2FsdGVkX19grCcz7aoD1DHftG5gvrsiskOL76xLyT8=',0,'1','2022-04-01 00:00:00','Y','U2FsdGVkX18cUs7O72kPz3+py2mUaoq22obwf65zVgGYdzDPu7klGG1NgO4TOo8h',1),(206,1,'bulk330@blockodyssey.io','U2FsdGVkX19grCcz7aoD1DHftG5gvrsiskOL76xLyT8=',0,'1','2022-04-01 00:00:00','Y','U2FsdGVkX18cUs7O72kPz3+py2mUaoq22obwf65zVgGYdzDPu7klGG1NgO4TOo8h',1),(207,1,'bulk331@blockodyssey.io','U2FsdGVkX19grCcz7aoD1DHftG5gvrsiskOL76xLyT8=',0,'1','2022-04-01 00:00:00','Y','U2FsdGVkX18cUs7O72kPz3+py2mUaoq22obwf65zVgGYdzDPu7klGG1NgO4TOo8h',1),(208,1,'bulk332@blockodyssey.io','U2FsdGVkX19grCcz7aoD1DHftG5gvrsiskOL76xLyT8=',0,'1','2022-04-01 00:00:00','Y','U2FsdGVkX18cUs7O72kPz3+py2mUaoq22obwf65zVgGYdzDPu7klGG1NgO4TOo8h',1),(209,1,'bulk333@blockodyssey.io','U2FsdGVkX19grCcz7aoD1DHftG5gvrsiskOL76xLyT8=',0,'1','2022-04-01 00:00:00','Y','U2FsdGVkX18cUs7O72kPz3+py2mUaoq22obwf65zVgGYdzDPu7klGG1NgO4TOo8h',1),(210,1,'bulk334@blockodyssey.io','U2FsdGVkX19grCcz7aoD1DHftG5gvrsiskOL76xLyT8=',0,'1','2022-04-01 00:00:00','Y','U2FsdGVkX18cUs7O72kPz3+py2mUaoq22obwf65zVgGYdzDPu7klGG1NgO4TOo8h',1),(211,1,'bulk335@blockodyssey.io','U2FsdGVkX19grCcz7aoD1DHftG5gvrsiskOL76xLyT8=',0,'1','2022-04-01 00:00:00','Y','U2FsdGVkX18cUs7O72kPz3+py2mUaoq22obwf65zVgGYdzDPu7klGG1NgO4TOo8h',1),(212,1,'bulk336@blockodyssey.io','U2FsdGVkX19grCcz7aoD1DHftG5gvrsiskOL76xLyT8=',0,'1','2022-04-01 00:00:00','Y','U2FsdGVkX18cUs7O72kPz3+py2mUaoq22obwf65zVgGYdzDPu7klGG1NgO4TOo8h',1),(213,1,'bulk337@blockodyssey.io','U2FsdGVkX19grCcz7aoD1DHftG5gvrsiskOL76xLyT8=',0,'1','2022-04-01 00:00:00','Y','U2FsdGVkX18cUs7O72kPz3+py2mUaoq22obwf65zVgGYdzDPu7klGG1NgO4TOo8h',1),(214,1,'bulk338@blockodyssey.io','U2FsdGVkX19grCcz7aoD1DHftG5gvrsiskOL76xLyT8=',0,'1','2022-04-01 00:00:00','Y','U2FsdGVkX18cUs7O72kPz3+py2mUaoq22obwf65zVgGYdzDPu7klGG1NgO4TOo8h',1),(215,1,'bulk339@blockodyssey.io','U2FsdGVkX19grCcz7aoD1DHftG5gvrsiskOL76xLyT8=',0,'1','2022-04-01 00:00:00','Y','U2FsdGVkX18cUs7O72kPz3+py2mUaoq22obwf65zVgGYdzDPu7klGG1NgO4TOo8h',1),(216,1,'bulk340@blockodyssey.io','U2FsdGVkX19grCcz7aoD1DHftG5gvrsiskOL76xLyT8=',0,'1','2022-04-01 00:00:00','Y','U2FsdGVkX18cUs7O72kPz3+py2mUaoq22obwf65zVgGYdzDPu7klGG1NgO4TOo8h',1),(217,1,'bulk341@blockodyssey.io','U2FsdGVkX19grCcz7aoD1DHftG5gvrsiskOL76xLyT8=',0,'1','2022-04-01 00:00:00','Y','U2FsdGVkX18cUs7O72kPz3+py2mUaoq22obwf65zVgGYdzDPu7klGG1NgO4TOo8h',1),(218,1,'bulk342@blockodyssey.io','U2FsdGVkX19grCcz7aoD1DHftG5gvrsiskOL76xLyT8=',0,'1','2022-04-01 00:00:00','Y','U2FsdGVkX18cUs7O72kPz3+py2mUaoq22obwf65zVgGYdzDPu7klGG1NgO4TOo8h',1),(219,1,'bulk343@blockodyssey.io','U2FsdGVkX19grCcz7aoD1DHftG5gvrsiskOL76xLyT8=',0,'1','2022-04-01 00:00:00','Y','U2FsdGVkX18cUs7O72kPz3+py2mUaoq22obwf65zVgGYdzDPu7klGG1NgO4TOo8h',1),(220,1,'bulk344@blockodyssey.io','U2FsdGVkX19grCcz7aoD1DHftG5gvrsiskOL76xLyT8=',0,'1','2022-04-01 00:00:00','Y','U2FsdGVkX18cUs7O72kPz3+py2mUaoq22obwf65zVgGYdzDPu7klGG1NgO4TOo8h',1),(221,1,'bulk345@blockodyssey.io','U2FsdGVkX19grCcz7aoD1DHftG5gvrsiskOL76xLyT8=',0,'1','2022-04-01 00:00:00','Y','U2FsdGVkX18cUs7O72kPz3+py2mUaoq22obwf65zVgGYdzDPu7klGG1NgO4TOo8h',1),(222,1,'bulk346@blockodyssey.io','U2FsdGVkX19grCcz7aoD1DHftG5gvrsiskOL76xLyT8=',0,'1','2022-04-01 00:00:00','Y','U2FsdGVkX18cUs7O72kPz3+py2mUaoq22obwf65zVgGYdzDPu7klGG1NgO4TOo8h',1),(223,1,'bulk347@blockodyssey.io','U2FsdGVkX19grCcz7aoD1DHftG5gvrsiskOL76xLyT8=',0,'1','2022-04-01 00:00:00','Y','U2FsdGVkX18cUs7O72kPz3+py2mUaoq22obwf65zVgGYdzDPu7klGG1NgO4TOo8h',1),(224,1,'bulk348@blockodyssey.io','U2FsdGVkX19grCcz7aoD1DHftG5gvrsiskOL76xLyT8=',0,'1','2022-04-01 00:00:00','Y','U2FsdGVkX18cUs7O72kPz3+py2mUaoq22obwf65zVgGYdzDPu7klGG1NgO4TOo8h',1),(225,1,'bulk349@blockodyssey.io','U2FsdGVkX19grCcz7aoD1DHftG5gvrsiskOL76xLyT8=',0,'1','2022-04-01 00:00:00','Y','U2FsdGVkX18cUs7O72kPz3+py2mUaoq22obwf65zVgGYdzDPu7klGG1NgO4TOo8h',1),(226,1,'bulk350@blockodyssey.io','U2FsdGVkX19grCcz7aoD1DHftG5gvrsiskOL76xLyT8=',0,'1','2022-04-01 00:00:00','Y','U2FsdGVkX18cUs7O72kPz3+py2mUaoq22obwf65zVgGYdzDPu7klGG1NgO4TOo8h',1),(227,1,'bulk351@blockodyssey.io','U2FsdGVkX19grCcz7aoD1DHftG5gvrsiskOL76xLyT8=',0,'1','2024-04-16 07:47:02','Y',NULL,0),(228,1,'bulk352@blockodyssey.io','U2FsdGVkX19grCcz7aoD1DHftG5gvrsiskOL76xLyT8=',0,'1','2024-04-16 07:47:02','Y',NULL,0),(229,1,'bulk353@blockodyssey.io','U2FsdGVkX19grCcz7aoD1DHftG5gvrsiskOL76xLyT8=',0,'1','2024-04-16 07:47:02','Y',NULL,0),(230,1,'bulk354@blockodyssey.io','U2FsdGVkX19grCcz7aoD1DHftG5gvrsiskOL76xLyT8=',0,'1','2024-04-16 07:47:02','Y',NULL,0),(231,1,'bulk355@blockodyssey.io','U2FsdGVkX19grCcz7aoD1DHftG5gvrsiskOL76xLyT8=',0,'1','2024-04-16 07:47:02','Y',NULL,0),(232,1,'bulk356@blockodyssey.io','U2FsdGVkX19grCcz7aoD1DHftG5gvrsiskOL76xLyT8=',0,'1','2024-04-16 07:47:02','Y',NULL,0),(233,1,'bulk357@blockodyssey.io','U2FsdGVkX19grCcz7aoD1DHftG5gvrsiskOL76xLyT8=',0,'1','2024-04-16 07:47:02','Y',NULL,0),(234,1,'bulk358@blockodyssey.io','U2FsdGVkX19grCcz7aoD1DHftG5gvrsiskOL76xLyT8=',0,'1','2024-04-16 07:47:02','Y',NULL,0),(235,1,'bulk359@blockodyssey.io','U2FsdGVkX19grCcz7aoD1DHftG5gvrsiskOL76xLyT8=',0,'1','2024-04-16 07:47:02','Y',NULL,0),(236,1,'bulk360@blockodyssey.io','U2FsdGVkX19grCcz7aoD1DHftG5gvrsiskOL76xLyT8=',0,'1','2024-04-16 07:47:02','Y',NULL,0),(237,1,'bulk361@blockodyssey.io','U2FsdGVkX19grCcz7aoD1DHftG5gvrsiskOL76xLyT8=',0,'1','2024-04-16 07:47:02','Y',NULL,0),(238,1,'bulk362@blockodyssey.io','U2FsdGVkX19grCcz7aoD1DHftG5gvrsiskOL76xLyT8=',0,'1','2024-04-16 07:47:02','Y',NULL,0),(239,1,'bulk363@blockodyssey.io','U2FsdGVkX19grCcz7aoD1DHftG5gvrsiskOL76xLyT8=',0,'1','2024-04-16 07:47:02','Y',NULL,0),(240,1,'bulk364@blockodyssey.io','U2FsdGVkX19grCcz7aoD1DHftG5gvrsiskOL76xLyT8=',0,'1','2024-04-16 07:47:02','Y',NULL,0),(241,1,'bulk365@blockodyssey.io','U2FsdGVkX19grCcz7aoD1DHftG5gvrsiskOL76xLyT8=',0,'1','2024-04-16 07:47:02','Y',NULL,0),(242,1,'bulk366@blockodyssey.io','U2FsdGVkX19grCcz7aoD1DHftG5gvrsiskOL76xLyT8=',0,'1','2024-04-16 07:47:02','Y',NULL,0),(243,1,'bulk367@blockodyssey.io','U2FsdGVkX19grCcz7aoD1DHftG5gvrsiskOL76xLyT8=',0,'1','2024-04-16 07:47:02','Y',NULL,0),(244,1,'bulk368@blockodyssey.io','U2FsdGVkX19grCcz7aoD1DHftG5gvrsiskOL76xLyT8=',0,'1','2024-04-16 07:47:02','Y',NULL,0),(245,1,'bulk370@blockodyssey.io','U2FsdGVkX19grCcz7aoD1DHftG5gvrsiskOL76xLyT8=',0,'1','2024-04-16 07:47:02','Y',NULL,0),(246,1,'bulk369@blockodyssey.io','U2FsdGVkX19grCcz7aoD1DHftG5gvrsiskOL76xLyT8=',0,'1','2024-04-16 07:47:02','Y',NULL,0),(247,1,'bulk371@blockodyssey.io','U2FsdGVkX19grCcz7aoD1DHftG5gvrsiskOL76xLyT8=',0,'1','2024-04-16 07:47:02','Y',NULL,0),(248,1,'bulk372@blockodyssey.io','U2FsdGVkX19grCcz7aoD1DHftG5gvrsiskOL76xLyT8=',0,'1','2024-04-16 07:47:02','Y',NULL,0),(249,1,'bulk373@blockodyssey.io','U2FsdGVkX19grCcz7aoD1DHftG5gvrsiskOL76xLyT8=',0,'1','2024-04-16 07:47:02','Y',NULL,0),(250,1,'bulk374@blockodyssey.io','U2FsdGVkX19grCcz7aoD1DHftG5gvrsiskOL76xLyT8=',0,'1','2024-04-16 07:47:02','Y',NULL,0),(251,1,'bulk375@blockodyssey.io','U2FsdGVkX19grCcz7aoD1DHftG5gvrsiskOL76xLyT8=',0,'1','2024-04-16 07:47:02','Y',NULL,0),(252,1,'bulk376@blockodyssey.io','U2FsdGVkX19grCcz7aoD1DHftG5gvrsiskOL76xLyT8=',0,'1','2024-04-16 07:47:02','Y',NULL,0),(253,1,'bulk377@blockodyssey.io','U2FsdGVkX19grCcz7aoD1DHftG5gvrsiskOL76xLyT8=',0,'1','2024-04-16 07:47:02','Y',NULL,0),(254,1,'bulk378@blockodyssey.io','U2FsdGVkX19grCcz7aoD1DHftG5gvrsiskOL76xLyT8=',0,'1','2024-04-16 07:47:02','Y',NULL,0),(255,1,'bulk379@blockodyssey.io','U2FsdGVkX19grCcz7aoD1DHftG5gvrsiskOL76xLyT8=',0,'1','2024-04-16 07:47:02','Y',NULL,0),(256,1,'bulk380@blockodyssey.io','U2FsdGVkX19grCcz7aoD1DHftG5gvrsiskOL76xLyT8=',0,'1','2024-04-16 07:47:02','Y',NULL,0),(257,1,'bulk381@blockodyssey.io','U2FsdGVkX19grCcz7aoD1DHftG5gvrsiskOL76xLyT8=',0,'1','2024-04-16 07:47:02','Y',NULL,0),(258,1,'bulk382@blockodyssey.io','U2FsdGVkX19grCcz7aoD1DHftG5gvrsiskOL76xLyT8=',0,'1','2024-04-16 07:47:02','Y',NULL,0),(259,1,'bulk383@blockodyssey.io','U2FsdGVkX19grCcz7aoD1DHftG5gvrsiskOL76xLyT8=',0,'1','2024-04-16 07:47:02','Y',NULL,0),(260,1,'bulk384@blockodyssey.io','U2FsdGVkX19grCcz7aoD1DHftG5gvrsiskOL76xLyT8=',0,'1','2024-04-16 07:47:02','Y',NULL,0),(261,1,'bulk385@blockodyssey.io','U2FsdGVkX19grCcz7aoD1DHftG5gvrsiskOL76xLyT8=',0,'1','2024-04-16 07:47:02','Y',NULL,0),(262,1,'bulk386@blockodyssey.io','U2FsdGVkX19grCcz7aoD1DHftG5gvrsiskOL76xLyT8=',0,'1','2024-04-16 07:47:02','Y',NULL,0),(263,1,'bulk387@blockodyssey.io','U2FsdGVkX19grCcz7aoD1DHftG5gvrsiskOL76xLyT8=',0,'1','2024-04-16 07:47:02','Y',NULL,0),(264,1,'bulk388@blockodyssey.io','U2FsdGVkX19grCcz7aoD1DHftG5gvrsiskOL76xLyT8=',0,'1','2024-04-16 07:47:02','Y',NULL,0),(265,1,'bulk389@blockodyssey.io','U2FsdGVkX19grCcz7aoD1DHftG5gvrsiskOL76xLyT8=',0,'1','2024-04-16 07:47:02','Y',NULL,0),(266,1,'bulk390@blockodyssey.io','U2FsdGVkX19grCcz7aoD1DHftG5gvrsiskOL76xLyT8=',0,'1','2024-04-16 07:47:02','Y',NULL,0),(267,1,'bulk391@blockodyssey.io','U2FsdGVkX19grCcz7aoD1DHftG5gvrsiskOL76xLyT8=',0,'1','2024-04-16 07:47:02','Y',NULL,0),(268,1,'bulk392@blockodyssey.io','U2FsdGVkX19grCcz7aoD1DHftG5gvrsiskOL76xLyT8=',0,'1','2024-04-16 07:47:02','Y',NULL,0),(269,1,'bulk393@blockodyssey.io','U2FsdGVkX19grCcz7aoD1DHftG5gvrsiskOL76xLyT8=',0,'1','2024-04-16 07:47:02','Y',NULL,0),(270,1,'bulk394@blockodyssey.io','U2FsdGVkX19grCcz7aoD1DHftG5gvrsiskOL76xLyT8=',0,'1','2024-04-16 07:47:02','Y',NULL,0),(271,1,'bulk395@blockodyssey.io','U2FsdGVkX19grCcz7aoD1DHftG5gvrsiskOL76xLyT8=',0,'1','2024-04-16 07:47:02','Y',NULL,0),(272,1,'bulk396@blockodyssey.io','U2FsdGVkX19grCcz7aoD1DHftG5gvrsiskOL76xLyT8=',0,'1','2024-04-16 07:47:02','Y',NULL,0),(273,1,'bulk397@blockodyssey.io','U2FsdGVkX19grCcz7aoD1DHftG5gvrsiskOL76xLyT8=',0,'1','2024-04-16 07:47:02','Y',NULL,0),(274,1,'bulk398@blockodyssey.io','U2FsdGVkX19grCcz7aoD1DHftG5gvrsiskOL76xLyT8=',0,'1','2024-04-16 07:47:02','Y',NULL,0),(275,1,'bulk399@blockodyssey.io','U2FsdGVkX19grCcz7aoD1DHftG5gvrsiskOL76xLyT8=',0,'1','2024-04-16 07:47:02','Y',NULL,0),(276,1,'bulk400@blockodyssey.io','U2FsdGVkX19grCcz7aoD1DHftG5gvrsiskOL76xLyT8=',0,'1','2024-04-16 07:47:02','Y',NULL,0),(277,1,'bulk401@blockodyssey.io','U2FsdGVkX18NJVWPkM/fBG5A2wRIElcQV8MNK5uDHG0=',0,'1','2024-05-16 09:29:44','Y','U2FsdGVkX1+BETqWJwvyhkOGXfWjwa5mLrwE2xa647FdePGfPDBn72jseBw5PBgv',1),(278,1,'bulk402@blockodyssey.io','U2FsdGVkX1/2D6YrZ7LZ7RSZyzJDr3+6E4YpKLFlFyM=',0,'1','2024-05-16 09:31:56','Y','U2FsdGVkX19vr+DTQt3ydKBL71nm/1rYtAY4Az5x4AdcnIzGyhDCDpyF7TTapI4R',1),(279,1,'bulk403@blockodyssey.io','U2FsdGVkX19AWurG037ccDwGOkgT03TiUktx3qglf98=',0,'1','2024-05-16 09:52:10','Y','U2FsdGVkX18RC3cs9PsppYp/MIR39oBha8enzWbN7HNFxH03dfxI/W+a/cosHgQt',1),(280,1,'bulk404@blockodyssey.io','U2FsdGVkX18lK65SZvGRfZLVfDUAc9V5fQ3PfSer4r8=',0,'1','2024-05-16 09:55:10','Y','U2FsdGVkX1/KttgF08AVh+pyh4LbKP5ZiZOBmhUC6BKqYPyjTeRcWDPml44PlR9X',1),(281,1,'bulk405@blockodyssey.io','U2FsdGVkX18FhngCC0KASVwQgyy5DASGMF2PNAHE3Cg=',0,'1','2024-05-16 09:56:17','Y','U2FsdGVkX1+Nq3q6XMBFtL5Ez2A9iJ/+TEz7XL8Bv833wtvntoBPjJcZkftl/wj0',1),(282,1,'bulk406@blockodyssey.io','U2FsdGVkX1+4jnI3q8Zwg+RcUwujbTy2nbvDMbVLSSI=',0,'1','2024-05-16 09:57:05','Y','U2FsdGVkX19nxj05C+NpUGyOz9SPBAU5u0em8NX4sTFJWZ90eJhFWkaLM/Zd0pxW',1),(283,1,'bulk407@blockodyssey.io','U2FsdGVkX1/MjxUVf96iFiQcRzJzZ/FkuF+r/dS3Pfk=',0,'1','2024-05-16 09:57:46','Y','U2FsdGVkX1/5537bm3uJkj84ZSOMQLjEmXYWIpZfeNfm/YapN6MBmd0fCyPV2BQi',1),(284,1,'bulk408@blockodyssey.io','U2FsdGVkX19grCcz7aoD1DHftG5gvrsiskOL76xLyT8=',0,'1','2024-04-16 07:47:02','Y',NULL,0),(285,1,'bulk409@blockodyssey.io','U2FsdGVkX19grCcz7aoD1DHftG5gvrsiskOL76xLyT8=',0,'1','2024-04-16 07:47:02','Y',NULL,0),(286,1,'bulk410@blockodyssey.io','U2FsdGVkX19grCcz7aoD1DHftG5gvrsiskOL76xLyT8=',0,'1','2024-04-16 07:47:02','Y',NULL,0),(287,1,'bulk411@blockodyssey.io','U2FsdGVkX19grCcz7aoD1DHftG5gvrsiskOL76xLyT8=',0,'1','2024-04-16 07:47:02','Y',NULL,0),(288,1,'bulk412@blockodyssey.io','U2FsdGVkX19grCcz7aoD1DHftG5gvrsiskOL76xLyT8=',0,'1','2024-04-16 07:47:02','Y',NULL,0),(289,1,'bulk413@blockodyssey.io','U2FsdGVkX19grCcz7aoD1DHftG5gvrsiskOL76xLyT8=',0,'1','2024-04-16 07:47:02','Y',NULL,0),(290,1,'bulk414@blockodyssey.io','U2FsdGVkX19grCcz7aoD1DHftG5gvrsiskOL76xLyT8=',0,'1','2024-04-16 07:47:03','Y',NULL,0),(291,1,'bulk415@blockodyssey.io','U2FsdGVkX19grCcz7aoD1DHftG5gvrsiskOL76xLyT8=',0,'1','2024-04-16 07:47:03','Y',NULL,0),(292,1,'bulk416@blockodyssey.io','U2FsdGVkX19grCcz7aoD1DHftG5gvrsiskOL76xLyT8=',0,'1','2024-04-16 07:47:03','Y',NULL,0),(293,1,'bulk417@blockodyssey.io','U2FsdGVkX19grCcz7aoD1DHftG5gvrsiskOL76xLyT8=',0,'1','2024-04-16 07:47:03','Y',NULL,0),(294,1,'bulk418@blockodyssey.io','U2FsdGVkX19grCcz7aoD1DHftG5gvrsiskOL76xLyT8=',0,'1','2024-04-16 07:47:03','Y',NULL,0),(295,1,'bulk419@blockodyssey.io','U2FsdGVkX19grCcz7aoD1DHftG5gvrsiskOL76xLyT8=',0,'1','2024-04-16 07:47:03','Y',NULL,0),(296,1,'bulk420@blockodyssey.io','U2FsdGVkX19grCcz7aoD1DHftG5gvrsiskOL76xLyT8=',0,'1','2024-04-16 07:47:03','Y',NULL,0),(297,1,'bulk421@blockodyssey.io','U2FsdGVkX19grCcz7aoD1DHftG5gvrsiskOL76xLyT8=',0,'1','2024-04-16 07:47:03','Y',NULL,0),(298,1,'bulk422@blockodyssey.io','U2FsdGVkX19grCcz7aoD1DHftG5gvrsiskOL76xLyT8=',0,'1','2024-04-16 07:47:03','Y',NULL,0),(299,1,'bulk423@blockodyssey.io','U2FsdGVkX19grCcz7aoD1DHftG5gvrsiskOL76xLyT8=',0,'1','2024-04-16 07:47:03','Y',NULL,0),(300,1,'bulk424@blockodyssey.io','U2FsdGVkX19grCcz7aoD1DHftG5gvrsiskOL76xLyT8=',0,'1','2024-04-16 07:47:03','Y',NULL,0),(301,1,'bulk427@blockodyssey.io','U2FsdGVkX19grCcz7aoD1DHftG5gvrsiskOL76xLyT8=',0,'1','2024-04-16 07:47:03','Y',NULL,0),(302,1,'bulk425@blockodyssey.io','U2FsdGVkX19grCcz7aoD1DHftG5gvrsiskOL76xLyT8=',0,'1','2024-04-16 07:47:03','Y',NULL,0),(303,1,'bulk426@blockodyssey.io','U2FsdGVkX19grCcz7aoD1DHftG5gvrsiskOL76xLyT8=',0,'1','2024-04-16 07:47:03','Y',NULL,0),(304,1,'bulk428@blockodyssey.io','U2FsdGVkX19grCcz7aoD1DHftG5gvrsiskOL76xLyT8=',0,'1','2024-04-16 07:47:03','Y',NULL,0),(305,1,'bulk429@blockodyssey.io','U2FsdGVkX19grCcz7aoD1DHftG5gvrsiskOL76xLyT8=',0,'1','2024-04-16 07:47:03','Y',NULL,0),(306,1,'bulk430@blockodyssey.io','U2FsdGVkX19grCcz7aoD1DHftG5gvrsiskOL76xLyT8=',0,'1','2024-04-16 07:47:03','Y',NULL,0),(307,1,'bulk431@blockodyssey.io','U2FsdGVkX19grCcz7aoD1DHftG5gvrsiskOL76xLyT8=',0,'1','2024-04-16 07:47:03','Y',NULL,0),(308,1,'bulk432@blockodyssey.io','U2FsdGVkX19grCcz7aoD1DHftG5gvrsiskOL76xLyT8=',0,'1','2024-04-16 07:47:03','Y',NULL,0),(309,1,'bulk433@blockodyssey.io','U2FsdGVkX19grCcz7aoD1DHftG5gvrsiskOL76xLyT8=',0,'1','2024-04-16 07:47:03','Y',NULL,0),(310,1,'bulk434@blockodyssey.io','U2FsdGVkX19grCcz7aoD1DHftG5gvrsiskOL76xLyT8=',0,'1','2024-04-16 07:47:03','Y',NULL,0),(311,1,'bulk435@blockodyssey.io','U2FsdGVkX19grCcz7aoD1DHftG5gvrsiskOL76xLyT8=',0,'1','2024-04-16 07:47:03','Y',NULL,0),(312,1,'bulk436@blockodyssey.io','U2FsdGVkX19grCcz7aoD1DHftG5gvrsiskOL76xLyT8=',0,'1','2024-04-16 07:47:03','Y',NULL,0),(313,1,'bulk437@blockodyssey.io','U2FsdGVkX19grCcz7aoD1DHftG5gvrsiskOL76xLyT8=',0,'1','2024-04-16 07:47:03','Y',NULL,0),(314,1,'bulk438@blockodyssey.io','U2FsdGVkX19grCcz7aoD1DHftG5gvrsiskOL76xLyT8=',0,'1','2024-04-16 07:47:03','Y',NULL,0),(315,1,'bulk439@blockodyssey.io','U2FsdGVkX19grCcz7aoD1DHftG5gvrsiskOL76xLyT8=',0,'1','2024-04-16 07:47:03','Y',NULL,0),(316,1,'bulk440@blockodyssey.io','U2FsdGVkX19grCcz7aoD1DHftG5gvrsiskOL76xLyT8=',0,'1','2024-04-16 07:47:03','Y',NULL,0),(317,1,'bulk441@blockodyssey.io','U2FsdGVkX19grCcz7aoD1DHftG5gvrsiskOL76xLyT8=',0,'1','2024-04-16 07:47:03','Y',NULL,0),(318,1,'bulk442@blockodyssey.io','U2FsdGVkX19grCcz7aoD1DHftG5gvrsiskOL76xLyT8=',0,'1','2024-04-16 07:47:03','Y',NULL,0),(319,1,'bulk443@blockodyssey.io','U2FsdGVkX19grCcz7aoD1DHftG5gvrsiskOL76xLyT8=',0,'1','2024-04-16 07:47:03','Y',NULL,0),(320,1,'bulk444@blockodyssey.io','U2FsdGVkX19grCcz7aoD1DHftG5gvrsiskOL76xLyT8=',0,'1','2024-04-16 07:47:03','Y',NULL,0),(321,1,'bulk445@blockodyssey.io','U2FsdGVkX19grCcz7aoD1DHftG5gvrsiskOL76xLyT8=',0,'1','2024-04-16 07:47:03','Y',NULL,0),(322,1,'bulk446@blockodyssey.io','U2FsdGVkX19grCcz7aoD1DHftG5gvrsiskOL76xLyT8=',0,'1','2024-04-16 07:47:03','Y',NULL,0),(323,1,'bulk447@blockodyssey.io','U2FsdGVkX19grCcz7aoD1DHftG5gvrsiskOL76xLyT8=',0,'1','2024-04-16 07:47:03','Y',NULL,0),(324,1,'bulk448@blockodyssey.io','U2FsdGVkX19grCcz7aoD1DHftG5gvrsiskOL76xLyT8=',0,'1','2024-04-16 07:47:03','Y',NULL,0),(325,1,'bulk449@blockodyssey.io','U2FsdGVkX19grCcz7aoD1DHftG5gvrsiskOL76xLyT8=',0,'1','2024-04-16 07:47:03','Y',NULL,0),(326,1,'bulk450@blockodyssey.io','U2FsdGVkX1/rwEyHp041O+zKTvs62ZVMc+ds75VY8WE=',0,'1','2024-06-05 15:12:26','Y','U2FsdGVkX1/ZOvIsbSJtMW4Jxuuk71B09yN3Aj+Qb+rii6TPWPhu7e4bjFJ3Syh1',1),(327,1,'bulk451@blockodyssey.io','U2FsdGVkX19grCcz7aoD1DHftG5gvrsiskOL76xLyT8=',0,'1','2024-04-16 07:47:03','Y',NULL,0),(328,1,'bulk452@blockodyssey.io','U2FsdGVkX19grCcz7aoD1DHftG5gvrsiskOL76xLyT8=',0,'1','2024-04-16 07:47:03','Y',NULL,0),(330,1,'bulk454@blockodyssey.io','U2FsdGVkX19grCcz7aoD1DHftG5gvrsiskOL76xLyT8=',0,'1','2024-04-16 07:47:03','Y',NULL,0),(331,1,'bulk455@blockodyssey.io','U2FsdGVkX19grCcz7aoD1DHftG5gvrsiskOL76xLyT8=',0,'1','2024-04-16 07:47:03','Y',NULL,0),(332,1,'bulk456@blockodyssey.io','U2FsdGVkX19grCcz7aoD1DHftG5gvrsiskOL76xLyT8=',0,'1','2024-04-16 07:47:03','Y',NULL,0),(333,1,'bulk457@blockodyssey.io','U2FsdGVkX19grCcz7aoD1DHftG5gvrsiskOL76xLyT8=',0,'1','2024-04-16 07:47:03','Y',NULL,0),(334,1,'bulk458@blockodyssey.io','U2FsdGVkX19grCcz7aoD1DHftG5gvrsiskOL76xLyT8=',0,'1','2024-04-16 07:47:03','Y',NULL,0),(335,1,'bulk459@blockodyssey.io','U2FsdGVkX19grCcz7aoD1DHftG5gvrsiskOL76xLyT8=',0,'1','2024-04-16 07:47:03','Y',NULL,0),(336,1,'bulk460@blockodyssey.io','U2FsdGVkX19grCcz7aoD1DHftG5gvrsiskOL76xLyT8=',0,'1','2024-04-16 07:47:03','Y',NULL,0),(337,1,'bulk461@blockodyssey.io','U2FsdGVkX19grCcz7aoD1DHftG5gvrsiskOL76xLyT8=',0,'1','2024-04-16 07:47:03','Y',NULL,0),(338,1,'bulk462@blockodyssey.io','U2FsdGVkX19grCcz7aoD1DHftG5gvrsiskOL76xLyT8=',0,'1','2024-04-16 07:47:03','Y',NULL,0),(339,1,'bulk463@blockodyssey.io','U2FsdGVkX19grCcz7aoD1DHftG5gvrsiskOL76xLyT8=',0,'1','2024-04-16 07:47:03','Y',NULL,0),(340,1,'bulk464@blockodyssey.io','U2FsdGVkX19grCcz7aoD1DHftG5gvrsiskOL76xLyT8=',0,'1','2024-04-16 07:47:03','Y',NULL,0),(341,1,'bulk465@blockodyssey.io','U2FsdGVkX19grCcz7aoD1DHftG5gvrsiskOL76xLyT8=',0,'1','2024-04-16 07:47:03','Y',NULL,0),(342,1,'bulk466@blockodyssey.io','U2FsdGVkX19grCcz7aoD1DHftG5gvrsiskOL76xLyT8=',0,'1','2024-04-16 07:47:03','Y',NULL,0),(343,1,'bulk467@blockodyssey.io','U2FsdGVkX19grCcz7aoD1DHftG5gvrsiskOL76xLyT8=',0,'1','2024-04-16 07:47:03','Y',NULL,0),(344,1,'bulk468@blockodyssey.io','U2FsdGVkX19grCcz7aoD1DHftG5gvrsiskOL76xLyT8=',0,'1','2024-04-16 07:47:03','Y',NULL,0),(345,1,'bulk469@blockodyssey.io','U2FsdGVkX19grCcz7aoD1DHftG5gvrsiskOL76xLyT8=',0,'1','2024-04-16 07:47:03','Y',NULL,0),(346,1,'bulk470@blockodyssey.io','U2FsdGVkX19grCcz7aoD1DHftG5gvrsiskOL76xLyT8=',0,'1','2024-04-16 07:47:03','Y',NULL,0),(347,1,'bulk471@blockodyssey.io','U2FsdGVkX19grCcz7aoD1DHftG5gvrsiskOL76xLyT8=',0,'1','2024-04-16 07:47:03','Y',NULL,0),(348,1,'bulk472@blockodyssey.io','U2FsdGVkX19grCcz7aoD1DHftG5gvrsiskOL76xLyT8=',0,'1','2024-04-16 07:47:03','Y',NULL,0),(349,1,'bulk473@blockodyssey.io','U2FsdGVkX19grCcz7aoD1DHftG5gvrsiskOL76xLyT8=',0,'1','2024-04-16 07:47:03','Y',NULL,0),(350,1,'bulk474@blockodyssey.io','U2FsdGVkX19grCcz7aoD1DHftG5gvrsiskOL76xLyT8=',0,'1','2024-04-16 07:47:03','Y',NULL,0),(351,1,'bulk475@blockodyssey.io','U2FsdGVkX19grCcz7aoD1DHftG5gvrsiskOL76xLyT8=',0,'1','2024-04-16 07:47:03','Y',NULL,0),(352,1,'bulk476@blockodyssey.io','U2FsdGVkX19grCcz7aoD1DHftG5gvrsiskOL76xLyT8=',0,'1','2024-04-16 07:47:03','Y',NULL,0),(353,1,'bulk477@blockodyssey.io','U2FsdGVkX19grCcz7aoD1DHftG5gvrsiskOL76xLyT8=',0,'1','2024-04-16 07:47:03','Y',NULL,0),(354,1,'bulk478@blockodyssey.io','U2FsdGVkX19grCcz7aoD1DHftG5gvrsiskOL76xLyT8=',0,'1','2024-04-16 07:47:03','Y',NULL,0),(355,1,'bulk479@blockodyssey.io','U2FsdGVkX19grCcz7aoD1DHftG5gvrsiskOL76xLyT8=',0,'1','2024-04-16 07:47:03','Y',NULL,0),(356,1,'bulk480@blockodyssey.io','U2FsdGVkX19grCcz7aoD1DHftG5gvrsiskOL76xLyT8=',0,'1','2024-04-16 07:47:03','Y',NULL,0),(357,1,'bulk481@blockodyssey.io','U2FsdGVkX19grCcz7aoD1DHftG5gvrsiskOL76xLyT8=',0,'1','2024-04-16 07:47:03','Y',NULL,0),(358,1,'bulk482@blockodyssey.io','U2FsdGVkX19grCcz7aoD1DHftG5gvrsiskOL76xLyT8=',0,'1','2024-04-16 07:47:03','Y',NULL,0),(359,1,'bulk483@blockodyssey.io','U2FsdGVkX19grCcz7aoD1DHftG5gvrsiskOL76xLyT8=',0,'1','2024-04-16 07:47:03','Y',NULL,0),(360,1,'bulk484@blockodyssey.io','U2FsdGVkX19grCcz7aoD1DHftG5gvrsiskOL76xLyT8=',0,'1','2024-04-16 07:47:03','Y',NULL,0),(361,1,'bulk485@blockodyssey.io','U2FsdGVkX19grCcz7aoD1DHftG5gvrsiskOL76xLyT8=',0,'1','2024-04-16 07:47:03','Y',NULL,0),(362,1,'bulk486@blockodyssey.io','U2FsdGVkX19grCcz7aoD1DHftG5gvrsiskOL76xLyT8=',0,'1','2024-04-16 07:47:03','Y',NULL,0),(363,1,'bulk487@blockodyssey.io','U2FsdGVkX19grCcz7aoD1DHftG5gvrsiskOL76xLyT8=',0,'1','2024-04-16 07:47:03','Y',NULL,0),(364,1,'bulk488@blockodyssey.io','U2FsdGVkX19grCcz7aoD1DHftG5gvrsiskOL76xLyT8=',0,'1','2024-04-16 07:47:03','Y',NULL,0),(365,1,'bulk489@blockodyssey.io','U2FsdGVkX19grCcz7aoD1DHftG5gvrsiskOL76xLyT8=',0,'1','2024-04-16 07:47:03','Y',NULL,0),(366,1,'bulk490@blockodyssey.io','U2FsdGVkX19grCcz7aoD1DHftG5gvrsiskOL76xLyT8=',0,'1','2024-04-16 07:47:03','Y',NULL,0),(367,1,'bulk491@blockodyssey.io','U2FsdGVkX19grCcz7aoD1DHftG5gvrsiskOL76xLyT8=',0,'1','2024-04-16 07:47:03','Y',NULL,0),(368,1,'bulk492@blockodyssey.io','U2FsdGVkX19grCcz7aoD1DHftG5gvrsiskOL76xLyT8=',0,'1','2024-04-16 07:47:03','Y',NULL,0),(369,1,'bulk493@blockodyssey.io','U2FsdGVkX19grCcz7aoD1DHftG5gvrsiskOL76xLyT8=',0,'1','2024-04-16 07:47:03','Y',NULL,0),(370,1,'bulk494@blockodyssey.io','U2FsdGVkX19grCcz7aoD1DHftG5gvrsiskOL76xLyT8=',0,'1','2024-04-16 07:47:03','Y',NULL,0),(371,1,'bulk495@blockodyssey.io','U2FsdGVkX19grCcz7aoD1DHftG5gvrsiskOL76xLyT8=',0,'1','2024-04-16 07:47:03','Y',NULL,0),(372,1,'bulk496@blockodyssey.io','U2FsdGVkX19grCcz7aoD1DHftG5gvrsiskOL76xLyT8=',0,'1','2024-04-16 07:47:03','Y',NULL,0),(373,1,'bulk497@blockodyssey.io','U2FsdGVkX19grCcz7aoD1DHftG5gvrsiskOL76xLyT8=',0,'1','2024-04-16 07:47:03','Y',NULL,0),(374,1,'bulk498@blockodyssey.io','U2FsdGVkX19grCcz7aoD1DHftG5gvrsiskOL76xLyT8=',0,'1','2024-04-16 07:47:03','Y',NULL,0),(375,1,'bulk499@blockodyssey.io','U2FsdGVkX19grCcz7aoD1DHftG5gvrsiskOL76xLyT8=',0,'1','2024-04-16 07:47:03','Y',NULL,0),(376,1,'bulk500@blockodyssey.io','U2FsdGVkX1+9q2y2CFJ5lz1z3lLKGAN2vxfx43IZXYE=',0,'1','2024-05-14 11:11:35','Y','U2FsdGVkX18DQ1SsLywhnBpu2MVOGHdU/rMoRjjK8fnR1wyCcn7iHxCHt4H/vBvd',1),(377,1,'bulk501@blockodyssey.io','U2FsdGVkX19grCcz7aoD1DHftG5gvrsiskOL76xLyT8=',0,'1','2024-04-16 07:47:03','Y',NULL,0),(378,1,'bulk502@blockodyssey.io','U2FsdGVkX19grCcz7aoD1DHftG5gvrsiskOL76xLyT8=',0,'1','2024-04-16 07:47:03','Y',NULL,0),(379,1,'bulk503@blockodyssey.io','U2FsdGVkX19grCcz7aoD1DHftG5gvrsiskOL76xLyT8=',0,'1','2024-04-16 07:47:03','Y',NULL,0),(380,1,'bulk504@blockodyssey.io','U2FsdGVkX19grCcz7aoD1DHftG5gvrsiskOL76xLyT8=',0,'1','2024-04-16 07:47:03','Y',NULL,0),(381,1,'bulk505@blockodyssey.io','U2FsdGVkX19grCcz7aoD1DHftG5gvrsiskOL76xLyT8=',0,'1','2024-04-16 07:47:03','Y',NULL,0),(382,1,'bulk506@blockodyssey.io','U2FsdGVkX19grCcz7aoD1DHftG5gvrsiskOL76xLyT8=',0,'1','2024-04-16 07:47:03','Y',NULL,0),(383,1,'bulk507@blockodyssey.io','U2FsdGVkX19grCcz7aoD1DHftG5gvrsiskOL76xLyT8=',0,'1','2024-04-16 07:47:03','Y',NULL,0),(384,1,'bulk508@blockodyssey.io','U2FsdGVkX19grCcz7aoD1DHftG5gvrsiskOL76xLyT8=',0,'1','2024-04-16 07:47:03','Y',NULL,0),(385,1,'bulk509@blockodyssey.io','U2FsdGVkX19grCcz7aoD1DHftG5gvrsiskOL76xLyT8=',0,'1','2024-04-16 07:47:03','Y',NULL,0),(386,1,'bulk510@blockodyssey.io','U2FsdGVkX19grCcz7aoD1DHftG5gvrsiskOL76xLyT8=',0,'1','2024-04-16 07:47:03','Y',NULL,0),(387,1,'bulk511@blockodyssey.io','U2FsdGVkX19grCcz7aoD1DHftG5gvrsiskOL76xLyT8=',0,'1','2024-04-16 07:47:03','Y',NULL,0),(388,1,'bulk512@blockodyssey.io','U2FsdGVkX19grCcz7aoD1DHftG5gvrsiskOL76xLyT8=',0,'1','2024-04-16 07:47:03','Y',NULL,0),(389,1,'bulk513@blockodyssey.io','U2FsdGVkX19grCcz7aoD1DHftG5gvrsiskOL76xLyT8=',0,'1','2024-04-16 07:47:03','Y',NULL,0),(390,1,'bulk514@blockodyssey.io','U2FsdGVkX19grCcz7aoD1DHftG5gvrsiskOL76xLyT8=',0,'1','2024-04-16 07:47:03','Y',NULL,0),(391,1,'bulk515@blockodyssey.io','U2FsdGVkX19grCcz7aoD1DHftG5gvrsiskOL76xLyT8=',0,'1','2024-04-16 07:47:03','Y',NULL,0),(392,1,'bulk516@blockodyssey.io','U2FsdGVkX19grCcz7aoD1DHftG5gvrsiskOL76xLyT8=',0,'1','2024-04-16 07:47:03','Y',NULL,0),(393,1,'bulk517@blockodyssey.io','U2FsdGVkX19grCcz7aoD1DHftG5gvrsiskOL76xLyT8=',0,'1','2024-04-16 07:47:03','Y',NULL,0),(394,1,'bulk518@blockodyssey.io','U2FsdGVkX19grCcz7aoD1DHftG5gvrsiskOL76xLyT8=',0,'1','2024-04-16 07:47:03','Y',NULL,0),(395,1,'bulk519@blockodyssey.io','U2FsdGVkX19grCcz7aoD1DHftG5gvrsiskOL76xLyT8=',0,'1','2024-04-16 07:47:03','Y',NULL,0),(396,1,'bulk520@blockodyssey.io','U2FsdGVkX19grCcz7aoD1DHftG5gvrsiskOL76xLyT8=',0,'1','2024-04-16 07:47:03','Y',NULL,0),(397,1,'bulk521@blockodyssey.io','U2FsdGVkX19grCcz7aoD1DHftG5gvrsiskOL76xLyT8=',0,'1','2024-04-16 07:47:03','Y',NULL,0),(398,1,'bulk522@blockodyssey.io','U2FsdGVkX19grCcz7aoD1DHftG5gvrsiskOL76xLyT8=',0,'1','2024-04-16 07:47:04','Y',NULL,0),(399,1,'bulk523@blockodyssey.io','U2FsdGVkX19grCcz7aoD1DHftG5gvrsiskOL76xLyT8=',0,'1','2024-04-16 07:47:04','Y',NULL,0),(400,1,'bulk524@blockodyssey.io','U2FsdGVkX19grCcz7aoD1DHftG5gvrsiskOL76xLyT8=',0,'1','2024-04-16 07:47:04','Y',NULL,0),(401,1,'bulk525@blockodyssey.io','U2FsdGVkX19grCcz7aoD1DHftG5gvrsiskOL76xLyT8=',0,'1','2024-04-16 07:47:04','Y',NULL,0),(402,1,'bulk526@blockodyssey.io','U2FsdGVkX19grCcz7aoD1DHftG5gvrsiskOL76xLyT8=',0,'1','2024-04-16 07:47:04','Y',NULL,0),(403,1,'bulk527@blockodyssey.io','U2FsdGVkX19grCcz7aoD1DHftG5gvrsiskOL76xLyT8=',0,'1','2024-04-16 07:47:04','Y',NULL,0),(404,1,'bulk528@blockodyssey.io','U2FsdGVkX19grCcz7aoD1DHftG5gvrsiskOL76xLyT8=',0,'1','2024-04-16 07:47:04','Y',NULL,0),(405,1,'bulk529@blockodyssey.io','U2FsdGVkX19grCcz7aoD1DHftG5gvrsiskOL76xLyT8=',0,'1','2024-04-16 07:47:04','Y',NULL,0),(406,1,'bulk530@blockodyssey.io','U2FsdGVkX19grCcz7aoD1DHftG5gvrsiskOL76xLyT8=',0,'1','2024-04-16 07:47:04','Y',NULL,0),(407,1,'bulk531@blockodyssey.io','U2FsdGVkX19grCcz7aoD1DHftG5gvrsiskOL76xLyT8=',0,'1','2024-04-16 07:47:04','Y',NULL,0),(408,1,'bulk532@blockodyssey.io','U2FsdGVkX19grCcz7aoD1DHftG5gvrsiskOL76xLyT8=',0,'1','2024-04-16 07:47:04','Y',NULL,0),(409,1,'bulk533@blockodyssey.io','U2FsdGVkX19grCcz7aoD1DHftG5gvrsiskOL76xLyT8=',0,'1','2024-04-16 07:47:04','Y',NULL,0),(410,1,'bulk534@blockodyssey.io','U2FsdGVkX19grCcz7aoD1DHftG5gvrsiskOL76xLyT8=',0,'1','2024-04-16 07:47:04','Y',NULL,0),(411,1,'bulk535@blockodyssey.io','U2FsdGVkX19grCcz7aoD1DHftG5gvrsiskOL76xLyT8=',0,'1','2024-04-16 07:47:04','Y',NULL,0),(412,1,'bulk536@blockodyssey.io','U2FsdGVkX19grCcz7aoD1DHftG5gvrsiskOL76xLyT8=',0,'1','2024-04-16 07:47:04','Y',NULL,0),(413,1,'bulk537@blockodyssey.io','U2FsdGVkX19grCcz7aoD1DHftG5gvrsiskOL76xLyT8=',0,'1','2024-04-16 07:47:04','Y',NULL,0),(414,1,'bulk538@blockodyssey.io','U2FsdGVkX19grCcz7aoD1DHftG5gvrsiskOL76xLyT8=',0,'1','2024-04-16 07:47:04','Y',NULL,0),(415,1,'bulk539@blockodyssey.io','U2FsdGVkX19grCcz7aoD1DHftG5gvrsiskOL76xLyT8=',0,'1','2024-04-16 07:47:04','Y',NULL,0),(416,1,'bulk540@blockodyssey.io','U2FsdGVkX19grCcz7aoD1DHftG5gvrsiskOL76xLyT8=',0,'1','2024-04-16 07:47:04','Y',NULL,0),(417,1,'bulk541@blockodyssey.io','U2FsdGVkX19grCcz7aoD1DHftG5gvrsiskOL76xLyT8=',0,'1','2024-04-16 07:47:04','Y',NULL,0),(418,1,'bulk542@blockodyssey.io','U2FsdGVkX19grCcz7aoD1DHftG5gvrsiskOL76xLyT8=',0,'1','2024-04-16 07:47:04','Y',NULL,0),(419,1,'bulk543@blockodyssey.io','U2FsdGVkX19grCcz7aoD1DHftG5gvrsiskOL76xLyT8=',0,'1','2024-04-16 07:47:04','Y',NULL,0),(420,1,'bulk544@blockodyssey.io','U2FsdGVkX19grCcz7aoD1DHftG5gvrsiskOL76xLyT8=',0,'1','2024-04-16 07:47:04','Y',NULL,0),(421,1,'bulk545@blockodyssey.io','U2FsdGVkX19grCcz7aoD1DHftG5gvrsiskOL76xLyT8=',0,'1','2024-04-16 07:47:04','Y',NULL,0),(422,1,'bulk546@blockodyssey.io','U2FsdGVkX19grCcz7aoD1DHftG5gvrsiskOL76xLyT8=',0,'1','2024-04-16 07:47:04','Y',NULL,0),(423,1,'bulk547@blockodyssey.io','U2FsdGVkX19grCcz7aoD1DHftG5gvrsiskOL76xLyT8=',0,'1','2024-04-16 07:47:04','Y',NULL,0),(424,1,'bulk548@blockodyssey.io','U2FsdGVkX19grCcz7aoD1DHftG5gvrsiskOL76xLyT8=',0,'1','2024-04-16 07:47:04','Y',NULL,0),(425,1,'bulk549@blockodyssey.io','U2FsdGVkX19grCcz7aoD1DHftG5gvrsiskOL76xLyT8=',0,'1','2024-04-16 07:47:04','Y',NULL,0),(426,1,'bulk550@blockodyssey.io','U2FsdGVkX19grCcz7aoD1DHftG5gvrsiskOL76xLyT8=',0,'1','2024-04-16 07:47:04','Y',NULL,0),(427,1,'bulk551@blockodyssey.io','U2FsdGVkX19grCcz7aoD1DHftG5gvrsiskOL76xLyT8=',0,'1','2024-04-16 07:47:04','Y',NULL,0),(428,1,'bulk552@blockodyssey.io','U2FsdGVkX19grCcz7aoD1DHftG5gvrsiskOL76xLyT8=',0,'1','2024-04-16 07:47:04','Y',NULL,0),(429,1,'bulk553@blockodyssey.io','U2FsdGVkX19grCcz7aoD1DHftG5gvrsiskOL76xLyT8=',0,'1','2024-04-16 07:47:04','Y',NULL,0),(430,1,'bulk554@blockodyssey.io','U2FsdGVkX19grCcz7aoD1DHftG5gvrsiskOL76xLyT8=',0,'1','2024-04-16 07:47:04','Y',NULL,0),(431,1,'bulk555@blockodyssey.io','U2FsdGVkX19grCcz7aoD1DHftG5gvrsiskOL76xLyT8=',0,'1','2024-04-16 07:47:04','Y',NULL,0),(432,1,'bulk556@blockodyssey.io','U2FsdGVkX19grCcz7aoD1DHftG5gvrsiskOL76xLyT8=',0,'1','2024-04-16 07:47:04','Y',NULL,0),(433,1,'bulk557@blockodyssey.io','U2FsdGVkX19grCcz7aoD1DHftG5gvrsiskOL76xLyT8=',0,'1','2024-04-16 07:47:04','Y',NULL,0),(434,1,'bulk558@blockodyssey.io','U2FsdGVkX19grCcz7aoD1DHftG5gvrsiskOL76xLyT8=',0,'1','2024-04-16 07:47:04','Y',NULL,0),(435,1,'bulk559@blockodyssey.io','U2FsdGVkX19grCcz7aoD1DHftG5gvrsiskOL76xLyT8=',0,'1','2024-04-16 07:47:04','Y',NULL,0),(436,1,'bulk560@blockodyssey.io','U2FsdGVkX19grCcz7aoD1DHftG5gvrsiskOL76xLyT8=',0,'1','2024-04-16 07:47:04','Y',NULL,0),(437,1,'bulk561@blockodyssey.io','U2FsdGVkX19grCcz7aoD1DHftG5gvrsiskOL76xLyT8=',0,'1','2024-04-16 07:47:04','Y',NULL,0),(438,1,'bulk562@blockodyssey.io','U2FsdGVkX19grCcz7aoD1DHftG5gvrsiskOL76xLyT8=',0,'1','2024-04-16 07:47:04','Y',NULL,0),(439,1,'bulk563@blockodyssey.io','U2FsdGVkX19grCcz7aoD1DHftG5gvrsiskOL76xLyT8=',0,'1','2024-04-16 07:47:04','Y',NULL,0),(440,1,'bulk564@blockodyssey.io','U2FsdGVkX19grCcz7aoD1DHftG5gvrsiskOL76xLyT8=',0,'1','2024-04-16 07:47:04','Y',NULL,0),(441,1,'bulk565@blockodyssey.io','U2FsdGVkX19grCcz7aoD1DHftG5gvrsiskOL76xLyT8=',0,'1','2024-04-16 07:47:04','Y',NULL,0),(442,1,'bulk566@blockodyssey.io','U2FsdGVkX19grCcz7aoD1DHftG5gvrsiskOL76xLyT8=',0,'1','2024-04-16 07:47:04','Y',NULL,0),(443,1,'bulk567@blockodyssey.io','U2FsdGVkX19grCcz7aoD1DHftG5gvrsiskOL76xLyT8=',0,'1','2024-04-16 07:47:04','Y',NULL,0),(444,1,'bulk568@blockodyssey.io','U2FsdGVkX19grCcz7aoD1DHftG5gvrsiskOL76xLyT8=',0,'1','2024-04-16 07:47:04','Y',NULL,0),(445,1,'bulk569@blockodyssey.io','U2FsdGVkX19grCcz7aoD1DHftG5gvrsiskOL76xLyT8=',0,'1','2024-04-16 07:47:04','Y',NULL,0),(446,1,'bulk570@blockodyssey.io','U2FsdGVkX19grCcz7aoD1DHftG5gvrsiskOL76xLyT8=',0,'1','2024-04-16 07:47:04','Y',NULL,0),(447,1,'bulk571@blockodyssey.io','U2FsdGVkX19grCcz7aoD1DHftG5gvrsiskOL76xLyT8=',0,'1','2024-04-16 07:47:04','Y',NULL,0),(448,1,'bulk572@blockodyssey.io','U2FsdGVkX19grCcz7aoD1DHftG5gvrsiskOL76xLyT8=',0,'1','2024-04-16 07:47:04','Y',NULL,0),(449,1,'bulk573@blockodyssey.io','U2FsdGVkX19grCcz7aoD1DHftG5gvrsiskOL76xLyT8=',0,'1','2024-04-16 07:47:04','Y',NULL,0),(450,1,'bulk574@blockodyssey.io','U2FsdGVkX19grCcz7aoD1DHftG5gvrsiskOL76xLyT8=',0,'1','2024-04-16 07:47:04','Y',NULL,0),(451,1,'bulk575@blockodyssey.io','U2FsdGVkX19grCcz7aoD1DHftG5gvrsiskOL76xLyT8=',0,'1','2024-04-16 07:47:04','Y',NULL,0),(452,1,'bulk576@blockodyssey.io','U2FsdGVkX19grCcz7aoD1DHftG5gvrsiskOL76xLyT8=',0,'1','2024-04-16 07:47:04','Y',NULL,0),(453,1,'bulk577@blockodyssey.io','U2FsdGVkX19grCcz7aoD1DHftG5gvrsiskOL76xLyT8=',0,'1','2024-04-16 07:47:04','Y',NULL,0),(454,1,'bulk578@blockodyssey.io','U2FsdGVkX19grCcz7aoD1DHftG5gvrsiskOL76xLyT8=',0,'1','2024-04-16 07:47:04','Y',NULL,0),(455,1,'bulk579@blockodyssey.io','U2FsdGVkX19grCcz7aoD1DHftG5gvrsiskOL76xLyT8=',0,'1','2024-04-16 07:47:04','Y',NULL,0),(456,1,'bulk580@blockodyssey.io','U2FsdGVkX19grCcz7aoD1DHftG5gvrsiskOL76xLyT8=',0,'1','2024-04-16 07:47:04','Y',NULL,0),(457,1,'bulk581@blockodyssey.io','U2FsdGVkX19grCcz7aoD1DHftG5gvrsiskOL76xLyT8=',0,'1','2024-04-16 07:47:04','Y',NULL,0),(458,1,'bulk582@blockodyssey.io','U2FsdGVkX19grCcz7aoD1DHftG5gvrsiskOL76xLyT8=',0,'1','2024-04-16 07:47:04','Y',NULL,0),(459,1,'bulk583@blockodyssey.io','U2FsdGVkX19grCcz7aoD1DHftG5gvrsiskOL76xLyT8=',0,'1','2024-04-16 07:47:04','Y',NULL,0),(460,1,'bulk584@blockodyssey.io','U2FsdGVkX19grCcz7aoD1DHftG5gvrsiskOL76xLyT8=',0,'1','2024-04-16 07:47:04','Y',NULL,0),(461,1,'bulk585@blockodyssey.io','U2FsdGVkX19grCcz7aoD1DHftG5gvrsiskOL76xLyT8=',0,'1','2024-04-16 07:47:04','Y',NULL,0),(462,1,'bulk586@blockodyssey.io','U2FsdGVkX19grCcz7aoD1DHftG5gvrsiskOL76xLyT8=',0,'1','2024-04-16 07:47:04','Y',NULL,0),(463,1,'bulk587@blockodyssey.io','U2FsdGVkX19grCcz7aoD1DHftG5gvrsiskOL76xLyT8=',0,'1','2024-04-16 07:47:04','Y',NULL,0),(464,1,'bulk588@blockodyssey.io','U2FsdGVkX19grCcz7aoD1DHftG5gvrsiskOL76xLyT8=',0,'1','2024-04-16 07:47:04','Y',NULL,0),(465,1,'bulk589@blockodyssey.io','U2FsdGVkX19grCcz7aoD1DHftG5gvrsiskOL76xLyT8=',0,'1','2024-04-16 07:47:04','Y',NULL,0),(466,1,'bulk590@blockodyssey.io','U2FsdGVkX19grCcz7aoD1DHftG5gvrsiskOL76xLyT8=',0,'1','2024-04-16 07:47:04','Y',NULL,0),(467,1,'bulk591@blockodyssey.io','U2FsdGVkX19grCcz7aoD1DHftG5gvrsiskOL76xLyT8=',0,'1','2024-04-16 07:47:04','Y',NULL,0),(468,1,'bulk592@blockodyssey.io','U2FsdGVkX19grCcz7aoD1DHftG5gvrsiskOL76xLyT8=',0,'1','2024-04-16 07:47:04','Y',NULL,0),(469,1,'bulk593@blockodyssey.io','U2FsdGVkX19grCcz7aoD1DHftG5gvrsiskOL76xLyT8=',0,'1','2024-04-16 07:47:04','Y',NULL,0),(470,1,'bulk594@blockodyssey.io','U2FsdGVkX19grCcz7aoD1DHftG5gvrsiskOL76xLyT8=',0,'1','2024-04-16 07:47:04','Y',NULL,0),(471,1,'bulk595@blockodyssey.io','U2FsdGVkX19grCcz7aoD1DHftG5gvrsiskOL76xLyT8=',0,'1','2024-04-16 07:47:04','Y',NULL,0),(472,1,'bulk596@blockodyssey.io','U2FsdGVkX19grCcz7aoD1DHftG5gvrsiskOL76xLyT8=',0,'1','2024-04-16 07:47:04','Y',NULL,0),(473,1,'bulk597@blockodyssey.io','U2FsdGVkX19grCcz7aoD1DHftG5gvrsiskOL76xLyT8=',0,'1','2024-04-16 07:47:04','Y',NULL,0),(474,1,'bulk598@blockodyssey.io','U2FsdGVkX19grCcz7aoD1DHftG5gvrsiskOL76xLyT8=',0,'1','2024-04-16 07:47:04','Y',NULL,0),(475,1,'bulk599@blockodyssey.io','U2FsdGVkX19grCcz7aoD1DHftG5gvrsiskOL76xLyT8=',0,'1','2024-04-16 07:47:04','Y',NULL,0),(476,1,'bulk600@blockodyssey.io','U2FsdGVkX19grCcz7aoD1DHftG5gvrsiskOL76xLyT8=',0,'1','2024-04-16 07:47:04','Y',NULL,0),(477,1,'bulk601@blockodyssey.io','U2FsdGVkX19grCcz7aoD1DHftG5gvrsiskOL76xLyT8=',0,'1','2024-04-16 07:47:04','Y',NULL,0),(478,1,'bulk602@blockodyssey.io','U2FsdGVkX19grCcz7aoD1DHftG5gvrsiskOL76xLyT8=',0,'1','2024-04-16 07:47:04','Y',NULL,0),(479,1,'bulk603@blockodyssey.io','U2FsdGVkX19grCcz7aoD1DHftG5gvrsiskOL76xLyT8=',0,'1','2024-04-16 07:47:04','Y',NULL,0),(480,1,'bulk604@blockodyssey.io','U2FsdGVkX19grCcz7aoD1DHftG5gvrsiskOL76xLyT8=',0,'1','2024-04-16 07:47:04','Y',NULL,0),(481,1,'bulk605@blockodyssey.io','U2FsdGVkX19grCcz7aoD1DHftG5gvrsiskOL76xLyT8=',0,'1','2024-04-16 07:47:04','Y',NULL,0),(482,1,'bulk606@blockodyssey.io','U2FsdGVkX19grCcz7aoD1DHftG5gvrsiskOL76xLyT8=',0,'1','2024-04-16 07:47:04','Y',NULL,0),(483,1,'bulk607@blockodyssey.io','U2FsdGVkX19grCcz7aoD1DHftG5gvrsiskOL76xLyT8=',0,'1','2024-04-16 07:47:04','Y',NULL,0),(484,1,'bulk608@blockodyssey.io','U2FsdGVkX19grCcz7aoD1DHftG5gvrsiskOL76xLyT8=',0,'1','2024-04-16 07:47:04','Y',NULL,0),(485,1,'bulk609@blockodyssey.io','U2FsdGVkX19grCcz7aoD1DHftG5gvrsiskOL76xLyT8=',0,'1','2024-04-16 07:47:04','Y',NULL,0),(486,1,'bulk610@blockodyssey.io','U2FsdGVkX19grCcz7aoD1DHftG5gvrsiskOL76xLyT8=',0,'1','2024-04-16 07:47:04','Y',NULL,0),(487,1,'bulk611@blockodyssey.io','U2FsdGVkX19grCcz7aoD1DHftG5gvrsiskOL76xLyT8=',0,'1','2024-04-16 07:47:04','Y',NULL,0),(488,1,'bulk612@blockodyssey.io','U2FsdGVkX19grCcz7aoD1DHftG5gvrsiskOL76xLyT8=',0,'1','2024-04-16 07:47:04','Y',NULL,0),(489,1,'bulk613@blockodyssey.io','U2FsdGVkX19grCcz7aoD1DHftG5gvrsiskOL76xLyT8=',0,'1','2024-04-16 07:47:04','Y',NULL,0),(490,1,'bulk614@blockodyssey.io','U2FsdGVkX19grCcz7aoD1DHftG5gvrsiskOL76xLyT8=',0,'1','2024-04-16 07:47:04','Y',NULL,0),(491,1,'bulk615@blockodyssey.io','U2FsdGVkX19grCcz7aoD1DHftG5gvrsiskOL76xLyT8=',0,'1','2024-04-16 07:47:04','Y',NULL,0),(492,1,'bulk616@blockodyssey.io','U2FsdGVkX19grCcz7aoD1DHftG5gvrsiskOL76xLyT8=',0,'1','2024-04-16 07:47:04','Y',NULL,0),(493,1,'bulk617@blockodyssey.io','U2FsdGVkX19grCcz7aoD1DHftG5gvrsiskOL76xLyT8=',0,'1','2024-04-16 07:47:04','Y',NULL,0),(494,1,'bulk618@blockodyssey.io','U2FsdGVkX19grCcz7aoD1DHftG5gvrsiskOL76xLyT8=',0,'1','2024-04-16 07:47:04','Y',NULL,0),(495,1,'bulk619@blockodyssey.io','U2FsdGVkX19grCcz7aoD1DHftG5gvrsiskOL76xLyT8=',0,'1','2024-04-16 07:47:04','Y',NULL,0),(496,1,'bulk620@blockodyssey.io','U2FsdGVkX19grCcz7aoD1DHftG5gvrsiskOL76xLyT8=',0,'1','2024-04-16 07:47:04','Y',NULL,0),(497,1,'bulk621@blockodyssey.io','U2FsdGVkX19grCcz7aoD1DHftG5gvrsiskOL76xLyT8=',0,'1','2024-04-16 07:47:04','Y',NULL,0),(498,1,'bulk622@blockodyssey.io','U2FsdGVkX19grCcz7aoD1DHftG5gvrsiskOL76xLyT8=',0,'1','2024-04-16 07:47:04','Y',NULL,0),(499,1,'bulk623@blockodyssey.io','U2FsdGVkX19grCcz7aoD1DHftG5gvrsiskOL76xLyT8=',0,'1','2024-04-16 07:47:04','Y',NULL,0),(500,1,'bulk624@blockodyssey.io','U2FsdGVkX19grCcz7aoD1DHftG5gvrsiskOL76xLyT8=',0,'1','2024-04-16 07:47:04','Y',NULL,0),(501,1,'bulk625@blockodyssey.io','U2FsdGVkX19grCcz7aoD1DHftG5gvrsiskOL76xLyT8=',0,'1','2024-04-16 07:47:04','Y',NULL,0),(502,1,'bulk627@blockodyssey.io','U2FsdGVkX19grCcz7aoD1DHftG5gvrsiskOL76xLyT8=',0,'1','2024-04-16 07:47:04','Y',NULL,0),(503,1,'bulk626@blockodyssey.io','U2FsdGVkX19grCcz7aoD1DHftG5gvrsiskOL76xLyT8=',0,'1','2024-04-16 07:47:04','Y',NULL,0),(504,1,'bulk628@blockodyssey.io','U2FsdGVkX19grCcz7aoD1DHftG5gvrsiskOL76xLyT8=',0,'1','2024-04-16 07:47:04','Y',NULL,0),(505,1,'bulk629@blockodyssey.io','U2FsdGVkX19grCcz7aoD1DHftG5gvrsiskOL76xLyT8=',0,'1','2024-04-16 07:47:04','Y',NULL,0),(506,1,'bulk630@blockodyssey.io','U2FsdGVkX19grCcz7aoD1DHftG5gvrsiskOL76xLyT8=',0,'1','2024-04-16 07:47:05','Y',NULL,0),(507,1,'bulk631@blockodyssey.io','U2FsdGVkX19grCcz7aoD1DHftG5gvrsiskOL76xLyT8=',0,'1','2024-04-16 07:47:05','Y',NULL,0),(508,1,'bulk632@blockodyssey.io','U2FsdGVkX19grCcz7aoD1DHftG5gvrsiskOL76xLyT8=',0,'1','2024-04-16 07:47:05','Y',NULL,0),(509,1,'bulk633@blockodyssey.io','U2FsdGVkX19grCcz7aoD1DHftG5gvrsiskOL76xLyT8=',0,'1','2024-04-16 07:47:05','Y',NULL,0),(510,1,'bulk634@blockodyssey.io','U2FsdGVkX19grCcz7aoD1DHftG5gvrsiskOL76xLyT8=',0,'1','2024-04-16 07:47:05','Y',NULL,0),(511,1,'bulk635@blockodyssey.io','U2FsdGVkX19grCcz7aoD1DHftG5gvrsiskOL76xLyT8=',0,'1','2024-04-16 07:47:05','Y',NULL,0),(512,1,'bulk636@blockodyssey.io','U2FsdGVkX19grCcz7aoD1DHftG5gvrsiskOL76xLyT8=',0,'1','2024-04-16 07:47:05','Y',NULL,0),(513,1,'bulk637@blockodyssey.io','U2FsdGVkX19grCcz7aoD1DHftG5gvrsiskOL76xLyT8=',0,'1','2024-04-16 07:47:05','Y',NULL,0),(514,1,'bulk638@blockodyssey.io','U2FsdGVkX19grCcz7aoD1DHftG5gvrsiskOL76xLyT8=',0,'1','2024-04-16 07:47:05','Y',NULL,0),(515,1,'bulk639@blockodyssey.io','U2FsdGVkX19grCcz7aoD1DHftG5gvrsiskOL76xLyT8=',0,'1','2024-04-16 07:47:05','Y',NULL,0),(516,1,'bulk640@blockodyssey.io','U2FsdGVkX19grCcz7aoD1DHftG5gvrsiskOL76xLyT8=',0,'1','2024-04-16 07:47:05','Y',NULL,0),(517,1,'bulk641@blockodyssey.io','U2FsdGVkX19grCcz7aoD1DHftG5gvrsiskOL76xLyT8=',0,'1','2024-04-16 07:47:05','Y',NULL,0),(518,1,'bulk642@blockodyssey.io','U2FsdGVkX19grCcz7aoD1DHftG5gvrsiskOL76xLyT8=',0,'1','2024-04-16 07:47:05','Y',NULL,0),(519,1,'bulk643@blockodyssey.io','U2FsdGVkX19grCcz7aoD1DHftG5gvrsiskOL76xLyT8=',0,'1','2024-04-16 07:47:05','Y',NULL,0),(520,1,'bulk644@blockodyssey.io','U2FsdGVkX19grCcz7aoD1DHftG5gvrsiskOL76xLyT8=',0,'1','2024-04-16 07:47:05','Y',NULL,0),(521,1,'bulk645@blockodyssey.io','U2FsdGVkX19grCcz7aoD1DHftG5gvrsiskOL76xLyT8=',0,'1','2024-04-16 07:47:05','Y',NULL,0),(522,1,'bulk646@blockodyssey.io','U2FsdGVkX19grCcz7aoD1DHftG5gvrsiskOL76xLyT8=',0,'1','2024-04-16 07:47:05','Y',NULL,0),(523,1,'bulk647@blockodyssey.io','U2FsdGVkX19grCcz7aoD1DHftG5gvrsiskOL76xLyT8=',0,'1','2024-04-16 07:47:05','Y',NULL,0),(524,1,'bulk648@blockodyssey.io','U2FsdGVkX19grCcz7aoD1DHftG5gvrsiskOL76xLyT8=',0,'1','2024-04-16 07:47:05','Y',NULL,0),(525,1,'bulk649@blockodyssey.io','U2FsdGVkX19grCcz7aoD1DHftG5gvrsiskOL76xLyT8=',0,'1','2024-04-16 07:47:05','Y',NULL,0),(526,1,'bulk650@blockodyssey.io','U2FsdGVkX19grCcz7aoD1DHftG5gvrsiskOL76xLyT8=',0,'1','2024-04-16 07:47:05','Y',NULL,0),(527,1,'bulk651@blockodyssey.io','U2FsdGVkX19grCcz7aoD1DHftG5gvrsiskOL76xLyT8=',0,'1','2024-04-16 07:47:05','Y',NULL,0),(528,1,'bulk652@blockodyssey.io','U2FsdGVkX19grCcz7aoD1DHftG5gvrsiskOL76xLyT8=',0,'1','2024-04-16 07:47:05','Y',NULL,0),(529,1,'bulk653@blockodyssey.io','U2FsdGVkX19grCcz7aoD1DHftG5gvrsiskOL76xLyT8=',0,'1','2024-04-16 07:47:05','Y',NULL,0),(530,1,'bulk654@blockodyssey.io','U2FsdGVkX19grCcz7aoD1DHftG5gvrsiskOL76xLyT8=',0,'1','2024-04-16 07:47:05','Y',NULL,0),(531,1,'bulk655@blockodyssey.io','U2FsdGVkX19grCcz7aoD1DHftG5gvrsiskOL76xLyT8=',0,'1','2024-04-16 07:47:05','Y',NULL,0),(532,1,'bulk656@blockodyssey.io','U2FsdGVkX19grCcz7aoD1DHftG5gvrsiskOL76xLyT8=',0,'1','2024-04-16 07:47:05','Y',NULL,0),(533,1,'bulk657@blockodyssey.io','U2FsdGVkX19grCcz7aoD1DHftG5gvrsiskOL76xLyT8=',0,'1','2024-04-16 07:47:05','Y',NULL,0),(534,1,'bulk658@blockodyssey.io','U2FsdGVkX19grCcz7aoD1DHftG5gvrsiskOL76xLyT8=',0,'1','2024-04-16 07:47:05','Y',NULL,0),(535,1,'bulk659@blockodyssey.io','U2FsdGVkX19grCcz7aoD1DHftG5gvrsiskOL76xLyT8=',0,'1','2024-04-16 07:47:05','Y',NULL,0),(536,1,'bulk660@blockodyssey.io','U2FsdGVkX19grCcz7aoD1DHftG5gvrsiskOL76xLyT8=',0,'1','2024-04-16 07:47:05','Y',NULL,0),(537,1,'bulk661@blockodyssey.io','U2FsdGVkX19grCcz7aoD1DHftG5gvrsiskOL76xLyT8=',0,'1','2024-04-16 07:47:05','Y',NULL,0),(538,1,'bulk662@blockodyssey.io','U2FsdGVkX19grCcz7aoD1DHftG5gvrsiskOL76xLyT8=',0,'1','2024-04-16 07:47:05','Y',NULL,0),(539,1,'bulk663@blockodyssey.io','U2FsdGVkX19grCcz7aoD1DHftG5gvrsiskOL76xLyT8=',0,'1','2024-04-16 07:47:05','Y',NULL,0),(540,1,'bulk664@blockodyssey.io','U2FsdGVkX19grCcz7aoD1DHftG5gvrsiskOL76xLyT8=',0,'1','2024-04-16 07:47:05','Y',NULL,0),(541,1,'bulk665@blockodyssey.io','U2FsdGVkX19grCcz7aoD1DHftG5gvrsiskOL76xLyT8=',0,'1','2024-04-16 07:47:05','Y',NULL,0),(542,1,'bulk666@blockodyssey.io','U2FsdGVkX19grCcz7aoD1DHftG5gvrsiskOL76xLyT8=',0,'1','2024-04-16 07:47:05','Y',NULL,0),(543,1,'bulk667@blockodyssey.io','U2FsdGVkX19grCcz7aoD1DHftG5gvrsiskOL76xLyT8=',0,'1','2024-04-16 07:47:05','Y',NULL,0),(544,1,'bulk668@blockodyssey.io','U2FsdGVkX19grCcz7aoD1DHftG5gvrsiskOL76xLyT8=',0,'1','2024-04-16 07:47:05','Y',NULL,0),(545,1,'bulk669@blockodyssey.io','U2FsdGVkX19grCcz7aoD1DHftG5gvrsiskOL76xLyT8=',0,'1','2024-04-16 07:47:05','Y',NULL,0),(546,1,'bulk670@blockodyssey.io','U2FsdGVkX19grCcz7aoD1DHftG5gvrsiskOL76xLyT8=',0,'1','2024-04-16 07:47:05','Y',NULL,0),(547,1,'bulk671@blockodyssey.io','U2FsdGVkX19grCcz7aoD1DHftG5gvrsiskOL76xLyT8=',0,'1','2024-04-16 07:47:05','Y',NULL,0),(548,1,'bulk672@blockodyssey.io','U2FsdGVkX19grCcz7aoD1DHftG5gvrsiskOL76xLyT8=',0,'1','2024-04-16 07:47:05','Y',NULL,0),(549,1,'bulk673@blockodyssey.io','U2FsdGVkX19grCcz7aoD1DHftG5gvrsiskOL76xLyT8=',0,'1','2024-04-16 07:47:05','Y',NULL,0),(550,1,'bulk674@blockodyssey.io','U2FsdGVkX19grCcz7aoD1DHftG5gvrsiskOL76xLyT8=',0,'1','2024-04-16 07:47:05','Y',NULL,0),(551,1,'bulk675@blockodyssey.io','U2FsdGVkX19grCcz7aoD1DHftG5gvrsiskOL76xLyT8=',0,'1','2024-04-16 07:47:05','Y',NULL,0),(552,1,'bulk676@blockodyssey.io','U2FsdGVkX19grCcz7aoD1DHftG5gvrsiskOL76xLyT8=',0,'1','2024-04-16 07:47:05','Y',NULL,0),(553,1,'bulk677@blockodyssey.io','U2FsdGVkX19grCcz7aoD1DHftG5gvrsiskOL76xLyT8=',0,'1','2024-04-16 07:47:05','Y',NULL,0),(554,1,'bulk678@blockodyssey.io','U2FsdGVkX19grCcz7aoD1DHftG5gvrsiskOL76xLyT8=',0,'1','2024-04-16 07:47:05','Y',NULL,0),(555,1,'bulk679@blockodyssey.io','U2FsdGVkX19grCcz7aoD1DHftG5gvrsiskOL76xLyT8=',0,'1','2024-04-16 07:47:05','Y',NULL,0),(556,1,'bulk680@blockodyssey.io','U2FsdGVkX19grCcz7aoD1DHftG5gvrsiskOL76xLyT8=',0,'1','2024-04-16 07:47:05','Y',NULL,0),(557,1,'bulk681@blockodyssey.io','U2FsdGVkX19grCcz7aoD1DHftG5gvrsiskOL76xLyT8=',0,'1','2024-04-16 07:47:05','Y',NULL,0),(558,1,'bulk682@blockodyssey.io','U2FsdGVkX19grCcz7aoD1DHftG5gvrsiskOL76xLyT8=',0,'1','2024-04-16 07:47:05','Y',NULL,0),(559,1,'bulk683@blockodyssey.io','U2FsdGVkX19grCcz7aoD1DHftG5gvrsiskOL76xLyT8=',0,'1','2024-04-16 07:47:05','Y',NULL,0),(560,1,'bulk684@blockodyssey.io','U2FsdGVkX19grCcz7aoD1DHftG5gvrsiskOL76xLyT8=',0,'1','2024-04-16 07:47:05','Y',NULL,0),(561,1,'bulk685@blockodyssey.io','U2FsdGVkX19grCcz7aoD1DHftG5gvrsiskOL76xLyT8=',0,'1','2024-04-16 07:47:05','Y',NULL,0),(562,1,'bulk686@blockodyssey.io','U2FsdGVkX19grCcz7aoD1DHftG5gvrsiskOL76xLyT8=',0,'1','2024-04-16 07:47:05','Y',NULL,0),(563,1,'bulk687@blockodyssey.io','U2FsdGVkX19grCcz7aoD1DHftG5gvrsiskOL76xLyT8=',0,'1','2024-04-16 07:47:05','Y',NULL,0),(564,1,'bulk688@blockodyssey.io','U2FsdGVkX19grCcz7aoD1DHftG5gvrsiskOL76xLyT8=',0,'1','2024-04-16 07:47:05','Y',NULL,0),(565,1,'bulk689@blockodyssey.io','U2FsdGVkX19grCcz7aoD1DHftG5gvrsiskOL76xLyT8=',0,'1','2024-04-16 07:47:05','Y',NULL,0),(566,1,'bulk690@blockodyssey.io','U2FsdGVkX19grCcz7aoD1DHftG5gvrsiskOL76xLyT8=',0,'1','2024-04-16 07:47:05','Y',NULL,0),(567,1,'bulk691@blockodyssey.io','U2FsdGVkX19grCcz7aoD1DHftG5gvrsiskOL76xLyT8=',0,'1','2024-04-16 07:47:05','Y',NULL,0),(568,1,'bulk692@blockodyssey.io','U2FsdGVkX19grCcz7aoD1DHftG5gvrsiskOL76xLyT8=',0,'1','2024-04-16 07:47:05','Y',NULL,0),(569,1,'bulk693@blockodyssey.io','U2FsdGVkX19grCcz7aoD1DHftG5gvrsiskOL76xLyT8=',0,'1','2024-04-16 07:47:05','Y',NULL,0),(570,1,'bulk694@blockodyssey.io','U2FsdGVkX19grCcz7aoD1DHftG5gvrsiskOL76xLyT8=',0,'1','2024-04-16 07:47:05','Y',NULL,0),(571,1,'bulk695@blockodyssey.io','U2FsdGVkX19grCcz7aoD1DHftG5gvrsiskOL76xLyT8=',0,'1','2024-04-16 07:47:05','Y',NULL,0),(572,1,'bulk696@blockodyssey.io','U2FsdGVkX19grCcz7aoD1DHftG5gvrsiskOL76xLyT8=',0,'1','2024-04-16 07:47:05','Y',NULL,0),(573,1,'bulk697@blockodyssey.io','U2FsdGVkX19grCcz7aoD1DHftG5gvrsiskOL76xLyT8=',0,'1','2024-04-16 07:47:05','Y',NULL,0),(574,1,'bulk698@blockodyssey.io','U2FsdGVkX19grCcz7aoD1DHftG5gvrsiskOL76xLyT8=',0,'1','2024-04-16 07:47:05','Y',NULL,0),(575,1,'bulk699@blockodyssey.io','U2FsdGVkX19grCcz7aoD1DHftG5gvrsiskOL76xLyT8=',0,'1','2024-04-16 07:47:05','Y',NULL,0),(576,1,'bulk700@blockodyssey.io','U2FsdGVkX19grCcz7aoD1DHftG5gvrsiskOL76xLyT8=',0,'1','2024-04-16 07:47:05','Y',NULL,0),(577,1,'bulk701@blockodyssey.io','U2FsdGVkX19grCcz7aoD1DHftG5gvrsiskOL76xLyT8=',0,'1','2024-04-16 07:47:05','Y',NULL,0),(578,1,'bulk702@blockodyssey.io','U2FsdGVkX19grCcz7aoD1DHftG5gvrsiskOL76xLyT8=',0,'1','2024-04-16 07:47:05','Y',NULL,0),(579,1,'bulk703@blockodyssey.io','U2FsdGVkX19grCcz7aoD1DHftG5gvrsiskOL76xLyT8=',0,'1','2024-04-16 07:47:05','Y',NULL,0),(580,1,'bulk704@blockodyssey.io','U2FsdGVkX19grCcz7aoD1DHftG5gvrsiskOL76xLyT8=',0,'1','2024-04-16 07:47:05','Y',NULL,0),(581,1,'bulk705@blockodyssey.io','U2FsdGVkX19grCcz7aoD1DHftG5gvrsiskOL76xLyT8=',0,'1','2024-04-16 07:47:05','Y',NULL,0),(582,1,'bulk706@blockodyssey.io','U2FsdGVkX19grCcz7aoD1DHftG5gvrsiskOL76xLyT8=',0,'1','2024-04-16 07:47:05','Y',NULL,0),(583,1,'bulk707@blockodyssey.io','U2FsdGVkX19grCcz7aoD1DHftG5gvrsiskOL76xLyT8=',0,'1','2024-04-16 07:47:05','Y',NULL,0),(584,1,'bulk708@blockodyssey.io','U2FsdGVkX19grCcz7aoD1DHftG5gvrsiskOL76xLyT8=',0,'1','2024-04-16 07:47:05','Y',NULL,0),(585,1,'bulk709@blockodyssey.io','U2FsdGVkX19grCcz7aoD1DHftG5gvrsiskOL76xLyT8=',0,'1','2024-04-16 07:47:05','Y',NULL,0),(586,1,'bulk710@blockodyssey.io','U2FsdGVkX19grCcz7aoD1DHftG5gvrsiskOL76xLyT8=',0,'1','2024-04-16 07:47:05','Y',NULL,0),(587,1,'bulk711@blockodyssey.io','U2FsdGVkX19grCcz7aoD1DHftG5gvrsiskOL76xLyT8=',0,'1','2024-04-16 07:47:05','Y',NULL,0),(588,1,'bulk712@blockodyssey.io','U2FsdGVkX19grCcz7aoD1DHftG5gvrsiskOL76xLyT8=',0,'1','2024-04-16 07:47:05','Y',NULL,0),(589,1,'bulk713@blockodyssey.io','U2FsdGVkX19grCcz7aoD1DHftG5gvrsiskOL76xLyT8=',0,'1','2024-04-16 07:47:05','Y',NULL,0),(590,1,'bulk714@blockodyssey.io','U2FsdGVkX19grCcz7aoD1DHftG5gvrsiskOL76xLyT8=',0,'1','2024-04-16 07:47:05','Y',NULL,0),(591,1,'bulk715@blockodyssey.io','U2FsdGVkX19grCcz7aoD1DHftG5gvrsiskOL76xLyT8=',0,'1','2024-04-16 07:47:05','Y',NULL,0),(592,1,'bulk716@blockodyssey.io','U2FsdGVkX19grCcz7aoD1DHftG5gvrsiskOL76xLyT8=',0,'1','2024-04-16 07:47:05','Y',NULL,0),(593,1,'bulk717@blockodyssey.io','U2FsdGVkX19grCcz7aoD1DHftG5gvrsiskOL76xLyT8=',0,'1','2024-04-16 07:47:05','Y',NULL,0),(594,1,'bulk718@blockodyssey.io','U2FsdGVkX19grCcz7aoD1DHftG5gvrsiskOL76xLyT8=',0,'1','2024-04-16 07:47:05','Y',NULL,0),(595,1,'bulk719@blockodyssey.io','U2FsdGVkX19grCcz7aoD1DHftG5gvrsiskOL76xLyT8=',0,'1','2024-04-16 07:47:05','Y',NULL,0),(596,1,'bulk720@blockodyssey.io','U2FsdGVkX19grCcz7aoD1DHftG5gvrsiskOL76xLyT8=',0,'1','2024-04-16 07:47:05','Y',NULL,0),(597,1,'bulk721@blockodyssey.io','U2FsdGVkX19grCcz7aoD1DHftG5gvrsiskOL76xLyT8=',0,'1','2024-04-16 07:47:05','Y',NULL,0),(598,1,'bulk722@blockodyssey.io','U2FsdGVkX19grCcz7aoD1DHftG5gvrsiskOL76xLyT8=',0,'1','2024-04-16 07:47:05','Y',NULL,0),(599,1,'bulk723@blockodyssey.io','U2FsdGVkX19grCcz7aoD1DHftG5gvrsiskOL76xLyT8=',0,'1','2024-04-16 07:47:05','Y',NULL,0),(600,1,'bulk724@blockodyssey.io','U2FsdGVkX19grCcz7aoD1DHftG5gvrsiskOL76xLyT8=',0,'1','2024-04-16 07:47:05','Y',NULL,0),(601,1,'bulk725@blockodyssey.io','U2FsdGVkX19grCcz7aoD1DHftG5gvrsiskOL76xLyT8=',0,'1','2024-04-16 07:47:05','Y',NULL,0),(602,1,'bulk726@blockodyssey.io','U2FsdGVkX19grCcz7aoD1DHftG5gvrsiskOL76xLyT8=',0,'1','2024-04-16 07:47:05','Y',NULL,0),(603,1,'bulk727@blockodyssey.io','U2FsdGVkX19grCcz7aoD1DHftG5gvrsiskOL76xLyT8=',0,'1','2024-04-16 07:47:05','Y',NULL,0),(604,1,'bulk728@blockodyssey.io','U2FsdGVkX19grCcz7aoD1DHftG5gvrsiskOL76xLyT8=',0,'1','2024-04-16 07:47:05','Y',NULL,0),(605,1,'bulk729@blockodyssey.io','U2FsdGVkX19grCcz7aoD1DHftG5gvrsiskOL76xLyT8=',0,'1','2024-04-16 07:47:05','Y',NULL,0),(606,1,'bulk730@blockodyssey.io','U2FsdGVkX19grCcz7aoD1DHftG5gvrsiskOL76xLyT8=',0,'1','2024-04-16 07:47:05','Y',NULL,0),(607,1,'bulk731@blockodyssey.io','U2FsdGVkX19grCcz7aoD1DHftG5gvrsiskOL76xLyT8=',0,'1','2024-04-16 07:47:05','Y',NULL,0),(608,1,'bulk732@blockodyssey.io','U2FsdGVkX19grCcz7aoD1DHftG5gvrsiskOL76xLyT8=',0,'1','2024-04-16 07:47:05','Y',NULL,0),(609,1,'bulk733@blockodyssey.io','U2FsdGVkX19grCcz7aoD1DHftG5gvrsiskOL76xLyT8=',0,'1','2024-04-16 07:47:05','Y',NULL,0),(610,1,'bulk734@blockodyssey.io','U2FsdGVkX19grCcz7aoD1DHftG5gvrsiskOL76xLyT8=',0,'1','2024-04-16 07:47:05','Y',NULL,0),(611,1,'bulk735@blockodyssey.io','U2FsdGVkX19grCcz7aoD1DHftG5gvrsiskOL76xLyT8=',0,'1','2024-04-16 07:47:05','Y',NULL,0),(612,1,'bulk736@blockodyssey.io','U2FsdGVkX19grCcz7aoD1DHftG5gvrsiskOL76xLyT8=',0,'1','2024-04-16 07:47:05','Y',NULL,0),(613,1,'bulk737@blockodyssey.io','U2FsdGVkX19grCcz7aoD1DHftG5gvrsiskOL76xLyT8=',0,'1','2024-04-16 07:47:05','Y',NULL,0),(614,1,'bulk738@blockodyssey.io','U2FsdGVkX19grCcz7aoD1DHftG5gvrsiskOL76xLyT8=',0,'1','2024-04-16 07:47:05','Y',NULL,0),(615,1,'bulk739@blockodyssey.io','U2FsdGVkX19grCcz7aoD1DHftG5gvrsiskOL76xLyT8=',0,'1','2024-04-16 07:47:05','Y',NULL,0),(616,1,'bulk740@blockodyssey.io','U2FsdGVkX19grCcz7aoD1DHftG5gvrsiskOL76xLyT8=',0,'1','2024-04-16 07:47:05','Y',NULL,0),(617,1,'bulk741@blockodyssey.io','U2FsdGVkX19grCcz7aoD1DHftG5gvrsiskOL76xLyT8=',0,'1','2024-04-16 07:47:06','Y',NULL,0),(618,1,'bulk742@blockodyssey.io','U2FsdGVkX19grCcz7aoD1DHftG5gvrsiskOL76xLyT8=',0,'1','2024-04-16 07:47:06','Y',NULL,0),(619,1,'bulk743@blockodyssey.io','U2FsdGVkX19grCcz7aoD1DHftG5gvrsiskOL76xLyT8=',0,'1','2024-04-16 07:47:06','Y',NULL,0),(620,1,'bulk744@blockodyssey.io','U2FsdGVkX19grCcz7aoD1DHftG5gvrsiskOL76xLyT8=',0,'1','2024-04-16 07:47:06','Y',NULL,0),(621,1,'bulk745@blockodyssey.io','U2FsdGVkX19grCcz7aoD1DHftG5gvrsiskOL76xLyT8=',0,'1','2024-04-16 07:47:06','Y',NULL,0),(622,1,'bulk746@blockodyssey.io','U2FsdGVkX19grCcz7aoD1DHftG5gvrsiskOL76xLyT8=',0,'1','2024-04-16 07:47:06','Y',NULL,0),(623,1,'bulk747@blockodyssey.io','U2FsdGVkX19grCcz7aoD1DHftG5gvrsiskOL76xLyT8=',0,'1','2024-04-16 07:47:06','Y',NULL,0),(624,1,'bulk748@blockodyssey.io','U2FsdGVkX19grCcz7aoD1DHftG5gvrsiskOL76xLyT8=',0,'1','2024-04-16 07:47:06','Y',NULL,0),(625,1,'bulk749@blockodyssey.io','U2FsdGVkX19grCcz7aoD1DHftG5gvrsiskOL76xLyT8=',0,'1','2024-04-16 07:47:06','Y',NULL,0),(626,1,'bulk750@blockodyssey.io','U2FsdGVkX19grCcz7aoD1DHftG5gvrsiskOL76xLyT8=',0,'1','2024-04-16 07:47:06','Y',NULL,0),(627,1,'bulk751@blockodyssey.io','U2FsdGVkX19grCcz7aoD1DHftG5gvrsiskOL76xLyT8=',0,'1','2024-04-16 07:47:06','Y',NULL,0),(628,1,'bulk752@blockodyssey.io','U2FsdGVkX19grCcz7aoD1DHftG5gvrsiskOL76xLyT8=',0,'1','2024-04-16 07:47:06','Y',NULL,0),(629,1,'bulk753@blockodyssey.io','U2FsdGVkX19grCcz7aoD1DHftG5gvrsiskOL76xLyT8=',0,'1','2024-04-16 07:47:06','Y',NULL,0),(630,1,'bulk754@blockodyssey.io','U2FsdGVkX19grCcz7aoD1DHftG5gvrsiskOL76xLyT8=',0,'1','2024-04-16 07:47:06','Y',NULL,0),(631,1,'bulk755@blockodyssey.io','U2FsdGVkX19grCcz7aoD1DHftG5gvrsiskOL76xLyT8=',0,'1','2024-04-16 07:47:06','Y',NULL,0),(632,1,'bulk756@blockodyssey.io','U2FsdGVkX19grCcz7aoD1DHftG5gvrsiskOL76xLyT8=',0,'1','2024-04-16 07:47:06','Y',NULL,0),(633,1,'bulk757@blockodyssey.io','U2FsdGVkX19grCcz7aoD1DHftG5gvrsiskOL76xLyT8=',0,'1','2024-04-16 07:47:06','Y',NULL,0),(634,1,'bulk759@blockodyssey.io','U2FsdGVkX19grCcz7aoD1DHftG5gvrsiskOL76xLyT8=',0,'1','2024-04-16 07:47:06','Y',NULL,0),(635,1,'bulk758@blockodyssey.io','U2FsdGVkX19grCcz7aoD1DHftG5gvrsiskOL76xLyT8=',0,'1','2024-04-16 07:47:06','Y',NULL,0),(636,1,'bulk760@blockodyssey.io','U2FsdGVkX19grCcz7aoD1DHftG5gvrsiskOL76xLyT8=',0,'1','2024-04-16 07:47:06','Y',NULL,0),(637,1,'bulk761@blockodyssey.io','U2FsdGVkX19grCcz7aoD1DHftG5gvrsiskOL76xLyT8=',0,'1','2024-04-16 07:47:06','Y',NULL,0),(638,1,'bulk762@blockodyssey.io','U2FsdGVkX19grCcz7aoD1DHftG5gvrsiskOL76xLyT8=',0,'1','2024-04-16 07:47:06','Y',NULL,0),(639,1,'bulk763@blockodyssey.io','U2FsdGVkX19grCcz7aoD1DHftG5gvrsiskOL76xLyT8=',0,'1','2024-04-16 07:47:06','Y',NULL,0),(640,1,'bulk764@blockodyssey.io','U2FsdGVkX19grCcz7aoD1DHftG5gvrsiskOL76xLyT8=',0,'1','2024-04-16 07:47:06','Y',NULL,0),(641,1,'bulk765@blockodyssey.io','U2FsdGVkX19grCcz7aoD1DHftG5gvrsiskOL76xLyT8=',0,'1','2024-04-16 07:47:06','Y',NULL,0),(642,1,'bulk766@blockodyssey.io','U2FsdGVkX19grCcz7aoD1DHftG5gvrsiskOL76xLyT8=',0,'1','2024-04-16 07:47:06','Y',NULL,0),(643,1,'bulk767@blockodyssey.io','U2FsdGVkX19grCcz7aoD1DHftG5gvrsiskOL76xLyT8=',0,'1','2024-04-16 07:47:06','Y',NULL,0),(644,1,'bulk768@blockodyssey.io','U2FsdGVkX19grCcz7aoD1DHftG5gvrsiskOL76xLyT8=',0,'1','2024-04-16 07:47:06','Y',NULL,0),(645,1,'bulk769@blockodyssey.io','U2FsdGVkX19grCcz7aoD1DHftG5gvrsiskOL76xLyT8=',0,'1','2024-04-16 07:47:06','Y',NULL,0),(646,1,'bulk770@blockodyssey.io','U2FsdGVkX19grCcz7aoD1DHftG5gvrsiskOL76xLyT8=',0,'1','2024-04-16 07:47:06','Y',NULL,0),(647,1,'bulk771@blockodyssey.io','U2FsdGVkX19grCcz7aoD1DHftG5gvrsiskOL76xLyT8=',0,'1','2024-04-16 07:47:06','Y',NULL,0),(648,1,'bulk772@blockodyssey.io','U2FsdGVkX19grCcz7aoD1DHftG5gvrsiskOL76xLyT8=',0,'1','2024-04-16 07:47:06','Y',NULL,0),(649,1,'bulk773@blockodyssey.io','U2FsdGVkX19grCcz7aoD1DHftG5gvrsiskOL76xLyT8=',0,'1','2024-04-16 07:47:06','Y',NULL,0),(650,1,'bulk774@blockodyssey.io','U2FsdGVkX19grCcz7aoD1DHftG5gvrsiskOL76xLyT8=',0,'1','2024-04-16 07:47:06','Y','U2FsdGVkX19IqcaJi0lHU6ltmFBwSpW4uv5wYEjST4QU/xOmu8y4imuPmSCCVIcZ',0),(651,1,'bulk775@blockodyssey.io','U2FsdGVkX19grCcz7aoD1DHftG5gvrsiskOL76xLyT8=',0,'1','2024-04-16 07:47:06','Y',NULL,0),(652,1,'bulk776@blockodyssey.io','U2FsdGVkX19grCcz7aoD1DHftG5gvrsiskOL76xLyT8=',0,'1','2024-04-16 07:47:06','Y',NULL,0),(653,1,'bulk777@blockodyssey.io','U2FsdGVkX19grCcz7aoD1DHftG5gvrsiskOL76xLyT8=',0,'1','2024-04-16 07:47:06','Y',NULL,0),(654,1,'bulk778@blockodyssey.io','U2FsdGVkX19grCcz7aoD1DHftG5gvrsiskOL76xLyT8=',0,'1','2024-04-16 07:47:06','Y',NULL,0),(655,1,'bulk779@blockodyssey.io','U2FsdGVkX19grCcz7aoD1DHftG5gvrsiskOL76xLyT8=',0,'1','2024-04-16 07:47:06','Y',NULL,0),(656,1,'bulk780@blockodyssey.io','U2FsdGVkX19grCcz7aoD1DHftG5gvrsiskOL76xLyT8=',0,'1','2024-04-16 07:47:06','Y',NULL,0),(657,1,'bulk781@blockodyssey.io','U2FsdGVkX19grCcz7aoD1DHftG5gvrsiskOL76xLyT8=',0,'1','2024-04-16 07:47:06','Y',NULL,0),(658,1,'bulk782@blockodyssey.io','U2FsdGVkX19grCcz7aoD1DHftG5gvrsiskOL76xLyT8=',0,'1','2024-04-16 07:47:06','Y',NULL,0),(659,1,'bulk783@blockodyssey.io','U2FsdGVkX19grCcz7aoD1DHftG5gvrsiskOL76xLyT8=',0,'1','2024-04-16 07:47:06','Y',NULL,0),(660,1,'bulk784@blockodyssey.io','U2FsdGVkX19grCcz7aoD1DHftG5gvrsiskOL76xLyT8=',0,'1','2024-04-16 07:47:06','Y',NULL,0),(661,1,'bulk785@blockodyssey.io','U2FsdGVkX19grCcz7aoD1DHftG5gvrsiskOL76xLyT8=',0,'1','2024-04-16 07:47:06','Y','U2FsdGVkX1/IOuDLwlTrkUwR/9bZ7F3dnBbueybtWyZjBHmkblNSiUuPa4CLcEoj',0),(662,1,'bulk786@blockodyssey.io','U2FsdGVkX19grCcz7aoD1DHftG5gvrsiskOL76xLyT8=',0,'1','2024-04-16 07:47:06','Y','U2FsdGVkX18vCj2+WttJT13Wsk4DLf2bZWILdbqYuYd52Gk+PG1ylWCaDRWUxFcM',0),(663,1,'bulk787@blockodyssey.io','U2FsdGVkX19grCcz7aoD1DHftG5gvrsiskOL76xLyT8=',0,'1','2024-04-16 07:47:06','Y',NULL,0),(664,1,'bulk788@blockodyssey.io','U2FsdGVkX19grCcz7aoD1DHftG5gvrsiskOL76xLyT8=',0,'1','2024-04-16 07:47:06','Y',NULL,0),(665,1,'bulk789@blockodyssey.io','U2FsdGVkX19grCcz7aoD1DHftG5gvrsiskOL76xLyT8=',0,'1','2024-04-16 07:47:06','Y',NULL,0),(666,1,'bulk790@blockodyssey.io','U2FsdGVkX19grCcz7aoD1DHftG5gvrsiskOL76xLyT8=',0,'1','2024-04-16 07:47:06','Y',NULL,0),(667,1,'bulk791@blockodyssey.io','U2FsdGVkX19grCcz7aoD1DHftG5gvrsiskOL76xLyT8=',0,'1','2024-04-16 07:47:06','Y',NULL,0),(668,1,'bulk792@blockodyssey.io','U2FsdGVkX19grCcz7aoD1DHftG5gvrsiskOL76xLyT8=',0,'1','2024-04-16 07:47:06','Y',NULL,0),(669,1,'bulk793@blockodyssey.io','U2FsdGVkX19grCcz7aoD1DHftG5gvrsiskOL76xLyT8=',0,'1','2024-04-16 07:47:06','Y',NULL,0),(670,1,'bulk794@blockodyssey.io','U2FsdGVkX19grCcz7aoD1DHftG5gvrsiskOL76xLyT8=',0,'1','2024-04-16 07:47:06','Y',NULL,0),(671,1,'bulk795@blockodyssey.io','U2FsdGVkX19grCcz7aoD1DHftG5gvrsiskOL76xLyT8=',0,'1','2024-04-16 07:47:06','Y',NULL,0),(672,1,'bulk796@blockodyssey.io','U2FsdGVkX19grCcz7aoD1DHftG5gvrsiskOL76xLyT8=',0,'1','2024-04-16 07:47:06','Y',NULL,0),(673,1,'bulk797@blockodyssey.io','U2FsdGVkX19grCcz7aoD1DHftG5gvrsiskOL76xLyT8=',0,'1','2024-04-16 07:47:06','Y',NULL,0),(674,1,'bulk798@blockodyssey.io','U2FsdGVkX19grCcz7aoD1DHftG5gvrsiskOL76xLyT8=',0,'1','2024-04-16 07:47:06','Y',NULL,0),(675,1,'bulk799@blockodyssey.io','U2FsdGVkX19grCcz7aoD1DHftG5gvrsiskOL76xLyT8=',0,'1','2024-04-16 07:47:06','Y',NULL,0),(678,1,'abcd@blockodyssey.io','U2FsdGVkX18DNUB5fkcairNSF+WudtAb33w3Eb4W8KY=',0,'1','2024-04-17 15:10:49','Y',NULL,0),(682,1,'yhManager@blockodyssey.io','U2FsdGVkX19gkjUppopSaO0Kweoure92SRCNNexOyPY=',0,'1','2024-04-18 14:10:29','Y',NULL,0),(684,1,'yh@blockodyssey.io','U2FsdGVkX19Y36CDuLTNFldATCtRf7o5OXqtv4MWdtU=',0,'1','2024-04-18 14:10:19','Y',NULL,0),(685,1,'lastTest@blockodyssey.io','U2FsdGVkX18ZTBNEA7L5sosDpFmKucJfDQir3xrt1WY=',0,'1','2024-04-18 14:28:46','Y',NULL,0),(695,1,'sads@naver.com','U2FsdGVkX19H8/TqhejkVg3GgWNCKJE3cf+dj4gqHo4=',0,'1','2024-04-22 12:45:22','Y',NULL,0),(696,1,'dasdas@naver.com','U2FsdGVkX18O9ViQqCX/1Q1CZs5kDHFMPPbHTWT5Yec=',0,'1','2024-04-22 13:13:13','Y',NULL,0),(697,1,'yhk22@naver.com','U2FsdGVkX19lRNJwy5dZ/FGEaBJjzgOC4bhabAcFgQI=',0,'1','2024-04-22 13:56:20','Y',NULL,0),(698,1,'yhkim222@naver.com','U2FsdGVkX19O8gtMlxYE2C/W15P9CvC+fbqMzH9/6Dg=',0,'1','2024-04-22 13:56:39','Y',NULL,0),(699,1,'111@naver.com','U2FsdGVkX18A7xiU+ae62ENS6YwzMHS47ikX/IeXdAs=',0,'1','2024-04-22 16:59:51','Y',NULL,0),(700,1,'testMaster@blockodyssey.io','U2FsdGVkX18jAz62nrXfKIYmWcBHMSitWeHB+0pGlSA=',0,'1','2024-05-13 16:35:57','Y','U2FsdGVkX1+mq/ibJZEvy1iiaYYNBdVu7cbi87i0wIK+JGBxDTw3FNreoxgqfTDM',1),(701,1,'testManager@blockodyssey.io','U2FsdGVkX19grCcz7aoD1DHftG5gvrsiskOL76xLyT8=',0,'1','2024-04-24 10:43:45','Y','U2FsdGVkX19x4Rn6oaH/xrsW1Bb6uuOA5pK+vZmATmuU5X7ofQCnsz0jcy9wQTaE',0),(702,1,'testViewer@blockodyssey.io','U2FsdGVkX18wBtS3NdgiZULeoHivbb74+FvSwq7tBEY=',0,'1','2024-05-08 11:45:14','Y','U2FsdGVkX1/U7Sp+T9UgZ9DENmzWs3Ry4CUlufm2VknS93ATFdw0EaaRHxec/JxD',0),(706,1,'csy1234@blockodyssey.io','U2FsdGVkX18TjKzRUbkxiGfDpzp3AfgVBu8PiTpip4Q=',0,'1','2024-04-23 15:41:32','Y',NULL,0),(707,1,'csy333@blockodyssey.io','U2FsdGVkX19fJdamQL0YV3rVr+O2v7ydGTKqp9xJYnE=',0,'1','2024-04-23 15:43:30','Y',NULL,0),(708,1,'yhkim111@blockodyssey.io','U2FsdGVkX19DosbCto5QDVXIwsskeax/bEjwg3SMR/A=',0,'1','2024-04-23 16:56:51','Y',NULL,0),(709,1,'dsfsdf@naver.com','U2FsdGVkX1+o2O/MWEYPaYFSH3OblMyuVzUNiryDQP8=',0,'1','2024-04-23 16:57:09','Y',NULL,0),(710,1,'yhkim@bloc32432kodyssey.io','U2FsdGVkX1/OcDDgd4fw36f3BwkYNwnyRNn+TQUUCLc=',0,'1','2024-04-23 16:57:22','Y',NULL,0),(711,1,'csy1112@blockodyssey.io','U2FsdGVkX18Gh11QQtxlIZ2GpssamsXuQxaCGqHJTRI=',0,'1','2024-04-25 13:48:27','Y',NULL,0),(712,1,'csy5555@blockodyssey.io','U2FsdGVkX18GROSQX30ZzjSa0Xk/9Ni28RKbFTbmRmQ=',0,'1','2024-04-25 16:18:55','Y',NULL,0),(715,4,'testMaster001@blockodyssey.io','U2FsdGVkX19grCcz7aoD1DHftG5gvrsiskOL76xLyT8=',0,'1','2024-04-29 14:41:46','Y',NULL,0),(716,4,'testManager001@blockodyssey.io','U2FsdGVkX1+uRcmTWuu8KKoAvusyWK1Dat/EUjW23o0=',0,'1','2024-04-29 14:48:02','Y',NULL,0),(717,4,'testManager002@blockodyssey.io','U2FsdGVkX18R8NbVms67Qno/xWwLgb+5yQjdQvBZOwA=',0,'1','2024-04-29 14:48:56','Y',NULL,0),(718,4,'testManager003@blockodyssey.io','U2FsdGVkX19UHwgdKOUxcTv7FlAJ+LCzqI2fkPM2tlE=',0,'1','2024-04-29 14:49:00','Y',NULL,0),(719,4,'testManager004@blockodyssey.io','U2FsdGVkX18BPdrhtoCYaLUUFMUlOBhcycrPvH/PD0w=',0,'1','2024-04-29 14:49:03','Y',NULL,0),(720,4,'testManager005@blockodyssey.io','U2FsdGVkX19tAwJP6sRQxHKbdtCRZa2fDxJ+gfwU4j0=',0,'1','2024-04-29 14:49:53','Y',NULL,0),(721,4,'testViewer001@blockodyssey.io','U2FsdGVkX19z5+b9xKNDqUew2vjge4hVCVwCUJYzwy8=',0,'1','2024-04-29 14:51:42','Y',NULL,0),(722,4,'testViewer002@blockodyssey.io','U2FsdGVkX1/Ym1UU6RdvjaquGsWEMXkJ7N9e5NZIC6U=',0,'1','2024-04-29 14:51:45','Y',NULL,0),(723,4,'testViewer003@blockodyssey.io','U2FsdGVkX19qYcuT6Eker5aLCi/8Tn/UF3Eo73aAgjs=',0,'1','2024-04-29 14:51:47','Y',NULL,0),(724,4,'testViewer004@blockodyssey.io','U2FsdGVkX1/ydTmWd6LDtsCFbXgvd0gSaCaqZKQrZuo=',0,'1','2024-04-29 14:51:50','Y',NULL,0),(725,4,'testViewer005@blockodyssey.io','U2FsdGVkX1+C6tYBrdG4jZunMMwPJ6d2d9k8ead0i+c=',0,'1','2024-04-29 14:51:54','Y',NULL,0),(744,1,'testOtpMaster@blockodyssey.io','U2FsdGVkX19xMza3dp4FzII1C1bbEwpuBi/7P149GkU=',0,'1','2024-05-08 16:08:00','Y','U2FsdGVkX1/z1IdvB7nwdmlXI8WwNkOI/PzbXcibwwq1euyewfoSLZuZ4+W/LzWK',1),(745,1,'testOtpManager@blockodyssey.io','U2FsdGVkX19grCcz7aoD1DHftG5gvrsiskOL76xLyT8=',0,'1','2024-05-02 12:04:57','Y','U2FsdGVkX19zpHjazud5VEHJ8I42cHiJWas+fxgI9HTtJpXz/GHb1n6BOogv7BS4',1),(746,1,'testOtpViewer@blockodyssey.io','U2FsdGVkX19grCcz7aoD1DHftG5gvrsiskOL76xLyT8=',0,'1','2024-05-02 12:05:04','Y','U2FsdGVkX18Mbzr7smoqjFJr1QEKm6V/bInsjjzvnzY2mje/BPlcF9PVnubWp1y1',1),(747,1,'csy12345@blockodyssey.io','U2FsdGVkX18o1FBwg74Q3ktag2EEDk31kHbPzkGMM6s=',0,'1','2024-05-02 12:17:30','Y',NULL,0),(750,1,'oldcastle2@blockodyssey.io','U2FsdGVkX1/BAVSIjBjr9tjk5ruoQgIE6wFB2NmQgcE=',0,'1','2024-05-02 16:08:55','Y',NULL,0),(762,1,'csy1234225@blockodyssey.io','U2FsdGVkX1+ikUodGcKElV6e5JGpJdnFcRIZxfAe2PM=',0,'1','2024-05-03 12:00:13','Y',NULL,0),(763,7,'hojong@blockodyssey.io','U2FsdGVkX1+2oZilgDYPNjwcGJougiW+XP3Y/xc9GjM=',0,'1','2024-05-13 14:17:53','Y','U2FsdGVkX1/QTYADOIAjHheFp7OaEy+PRzvVjOMIPCS2Gis+DFs6pbxB8AuWxkJd',1),(764,8,'wallet@blockodyssey.io','U2FsdGVkX19grCcz7aoD1DHftG5gvrsiskOL76xLyT8=',0,'1','2024-05-07 11:09:03','Y','U2FsdGVkX19QB0g3wXRe1nkmHQcWtoNTmr6DleRLG6RAvrPPwczpzH/IHe8PhQH+',1),(765,9,'localtest@blockodyssey.io','U2FsdGVkX19grCcz7aoD1DHftG5gvrsiskOL76xLyT8=',0,'1','2024-05-07 15:09:12','Y','U2FsdGVkX19AyMq6dEhdwqmcqCKllj9l95h6jTgKBMlPSN1lVd6Xm101LPmEcQ3F',1),(766,1,'test2@test.com','U2FsdGVkX184gqG+3I2BpTbOOBIaXBFfF0NefTWV/cU=',0,'1','2024-05-14 10:26:41','Y',NULL,0),(767,1,'test1@test.com','U2FsdGVkX18c6SrP7xZDjiHfCdBupBlnBTKksqiAT0g=',0,'1','2024-05-14 10:28:07','Y',NULL,0),(768,1,'jinsolseo@blockodyssey.io','U2FsdGVkX1+ndkkCUHH91CvtEGzOMXFoswhy4z54rEw=',0,'1','2024-05-16 10:26:53','Y','U2FsdGVkX18a98appjHM6lY7xxzQ5ejFsC9rrZ9n/Uk4wpxttS70UCPgFCNBkyT7',1),(769,10,'odyssey123@blockodyssey.io','U2FsdGVkX18+bb/5DEwdaViekGub66x5O513JhRLKGY=',0,'1','2024-05-14 16:02:08','Y','U2FsdGVkX1+Y4KzYVQZnDg7OMmJfZsHYAYb1HZQZ+g5aARK6CDzs9e3FjBOU2At4',1),(770,11,'odyssey111@blockodyssey.io','U2FsdGVkX19grCcz7aoD1DHftG5gvrsiskOL76xLyT8=',0,'1','2024-05-14 16:04:35','Y',NULL,0),(771,12,'testtest11@blockodyssey.io','U2FsdGVkX1/SfROZesa/hvCBCFguR25WSxp6zBIQVNk=',0,'1','2024-05-14 16:18:14','Y',NULL,0),(772,10,'man01@blockodyssey.io','U2FsdGVkX18HyLiPVR01wcdbNQdL8HJxHR7/h06wIDg=',0,'1','2024-05-14 17:19:43','Y','U2FsdGVkX1+fSSrgT0+ak1MMeTPu6MxbWHeRuQsl1VX9htYOaQGIUb175Fg+jirr',1),(773,10,'man0111@blockodyssey.io','U2FsdGVkX1+a48KHlvpTmIVxfYOVfyDcui4KQ89X6v0=',0,'1','2024-05-14 16:58:48','Y',NULL,0),(774,1,'bulk5511@blockodyssey.io','U2FsdGVkX19JWsHZz7OgTnorH2CtNVg78KIS5w5b0fI=',0,'1','2024-05-14 17:02:07','Y',NULL,0),(775,10,'man06@blockodyssey.io','U2FsdGVkX19ZDV4vz2dXKxtJU4dYvG4zjIf86E3GnFY=',0,'1','2024-05-14 17:17:54','Y',NULL,0),(776,10,'man11@a.io','U2FsdGVkX1+oJR1DSB6F8VEi5GKH71tYxuGnHMQEpOg=',0,'1','2024-05-14 18:12:10','Y','U2FsdGVkX19JerTSqSnttm9hn+FhKHxo3pzinf3UjxZw28CDjkM1a6oJLMgRklst',1),(777,13,'qaMaster01@blockodyssey.io','U2FsdGVkX1+4g8rAqhtGIwvqFH4DbmoQJCJMe/rF9FI=',0,'1','2024-05-20 10:25:41','Y','U2FsdGVkX1/pPAS+BbBNfmBuCLJSjy0hzvGnwKGzerRsFvyw8mm3L/4nhV9NrOMt',1),(778,14,'66Master01@blockodyssey.io','U2FsdGVkX19grCcz7aoD1DHftG5gvrsiskOL76xLyT8=',0,'1','2024-05-16 10:00:17','Y',NULL,0),(779,15,'66Master@blockodyssey.io','U2FsdGVkX1+jlCmevJ0yQx+JENH3nrhuzfZtOwNJsB0=',0,'1','2024-05-16 10:02:07','Y','U2FsdGVkX192c/KMU/M9Bhm2BcBsAsdrhYDLftwTEnpoq+/2lOUNxAAIHPBITjcx',1),(780,16,'jsTestMaster@blockodyssey.io','U2FsdGVkX1+g/HJJDHTpRG9eTJyq5RROlF+5KCYSDqo=',0,'1','2024-05-16 11:26:26','Y','U2FsdGVkX181p/uaT28hFrTFJxnAGCDEqoX+rw9NZfcaUe8dHa1SqiRyW2CcOxnS',1),(781,13,'namyun@blockodyssey.io','U2FsdGVkX183QJU6qXnQJSd28AsA9qtZeW4Job7iIKo=',0,'1','2024-05-21 10:08:46','Y','U2FsdGVkX18v8AdTf29P8HlGPWhjFyTdSf4ncq7+10uWsBgUpD7NTr8OTQgoXr1o',1),(782,13,'kimjinhyun@blockodyssey.io','U2FsdGVkX1+4g8rAqhtGIwvqFH4DbmoQJCJMe/rF9FI=',0,'1','2024-05-20 14:17:08','Y','U2FsdGVkX1/KZW+8BMe1WyN43zm1I/Eup6JUfqk+NB8NXl58/blT3HCS4fIbdtUN',1),(784,13,'rnfkrhdrkf@naver.com','U2FsdGVkX1/UJ0B+opHg1S8L3fE4f2q8Q+BdALQ0gd8=',0,'1','2024-05-20 17:11:54','Y',NULL,0),(785,17,'wallet_test_master@blockodyssey.io','U2FsdGVkX1/aS0zjyGf/y/iR+axXJrFgrhUqMORKrQM=',0,'1','2024-05-23 15:43:05','Y','U2FsdGVkX1/BtyGDUAOSVdL1MGXyN1vZKD/3IV5uSWJpN9gGd9GzHQ/ihCIMWoeP',1),(787,24,'finance159@blockodyssey.io','U2FsdGVkX182F9GoU8ApB/BU85UqzMvPBJpoLJPnYTk=',0,'1','2024-05-29 15:13:00','Y',NULL,0),(789,26,'66@blockodyssey.io','U2FsdGVkX19BKgtJB/owvvv+dn8hB9AZFsse1d5E6c4=',0,'1','2024-06-03 10:16:18','Y','U2FsdGVkX18V2Pxhww3RRdt2Z0ursgG9cQyFBP2fh3UIf/YolKvSsTDYkkTLsCix',1),(790,29,'0605jangjang@blockodyssey.io','U2FsdGVkX19fdXh3xIy6M4CpmzgOpmYFGEarKarxDw0=',0,'1','2024-06-05 15:05:28','Y','U2FsdGVkX1+SkwUorl4zJ2ukjFvw/riy1givIIZwq3+oR/0xB1k5bvMz58EFc6Av',1),(791,29,'6666@blockodyssey.io','U2FsdGVkX18n1/88VmRTetdAteMtlCOoEMjg5ettYKQ=',0,'1','2024-06-05 16:38:36','Y','U2FsdGVkX18EOtr3izMwX6OSwhprDfe/RFVOZ/fD0+UG2xfNCelPF0x1aVcop6vE',1),(792,27,'custodyMaster01@blockodyssey.io','U2FsdGVkX19eknCc8d8+GrSOVm7SWX6q3S/hM2rv0sA=',0,'1','2024-06-05 17:07:39','Y','U2FsdGVkX1/JjpiH0ddGCzc+sm1bSPmpXV9JGCCWmXJ/E49xTFWZB9u2GEOHX/AF',1),(793,27,'custodyMaster02@blockodyssey.io','U2FsdGVkX19eknCc8d8+GrSOVm7SWX6q3S/hM2rv0sA=',0,'1','2024-06-05 17:09:34','Y','U2FsdGVkX1/JjpiH0ddGCzc+sm1bSPmpXV9JGCCWmXJ/E49xTFWZB9u2GEOHX/AF',1),(794,27,'custodyManager01@blockodyssey.io','U2FsdGVkX19eknCc8d8+GrSOVm7SWX6q3S/hM2rv0sA=',0,'1','2024-06-10 13:23:43','Y','U2FsdGVkX18+zX+qglOTq+rHv5fbrn41lJEBhNwRYWPuAumqDumEbu36qNgvcECl',1),(795,27,'custodyViewer01@blockodyssey.io','U2FsdGVkX19eknCc8d8+GrSOVm7SWX6q3S/hM2rv0sA=',0,'1','2024-06-10 13:24:04','Y','U2FsdGVkX19JNjyvNnRjVBqRNuqM/l6iRq42KuKUsYI06cbeTnzhNdm8TGAiMH9G',1),(796,31,'0610userMaster@blockodyssey.io','U2FsdGVkX19rfEshroqbDBvOsxthskm3ZX0sShqZt6A=',0,'1','2024-06-10 18:06:15','Y','U2FsdGVkX18ePQ5iXD9t+f3xFoevJZuekZ2olW019YA9htyqHFqJWLgY/eComsGV',1),(797,31,'0610userManager@blockodyssey.io','U2FsdGVkX19qIMpfY0sB7sTnuwGbjtPnCFsx4W0k9H4=',0,'1','2024-06-10 18:07:54','Y','U2FsdGVkX1/YSkpi3O03BZuho2PAK2aDAs5WaxLxfy0ZSmFhrzg7UrVxbW6lBkq2',1),(798,36,'finance36@blockodyssey.io','U2FsdGVkX1/i+mWVHF5814iexM2dFWlLfAQYXNtZmtM=',0,'1','2024-06-12 17:13:20','Y',NULL,0),(799,31,'0610old@blockodyssey.io','U2FsdGVkX19GTaXnaGzRQzUkRhJe5+/GVpSoQJlYWWY=',0,'1','2024-06-12 18:01:53','Y','U2FsdGVkX1/CsfNMhf6InjHghyIb4Q0NiVzM96X0u9/gedbB5SsvBNhUVScqx/CA',1),(801,37,'0613master@blockodyssey.io','U2FsdGVkX1+nDu8pd0EZhHijKqtXJMi7qokgeKUQuko=',0,'1','2024-06-13 12:28:28','Y','U2FsdGVkX1/JKkJVJMc8bx+sD3DZX6yEeeq9LdW4MjFTzj8gLmmzlcM47dFDP3Hc',1),(802,37,'0613manager@blockodyssey.io','U2FsdGVkX19BUptgXuJ5hNuQgKRLtRuvm+Gn17CbBLU=',0,'1','2024-06-13 12:29:03','Y',NULL,0),(803,40,'0613c@blockodyssey.io','U2FsdGVkX19vxzM9Ns+kSG9SOnZo/gUB2mKv4zaglOQ=',0,'1','2024-06-13 14:29:33','Y','U2FsdGVkX18o+wwVtYx9aFY1pA6YinXJorfD5PO6oxfofwG9nhuo44rsYNTVE+VU',1),(804,40,'0613cman1@blockodyssey.io','U2FsdGVkX19izzPr9T8kfDnG6Oa1n5rlfmIK5rJKyMY=',0,'1','2024-06-13 14:29:33','Y','U2FsdGVkX1+425I6n4uPu7ElN+vWJneJq88ojQcEcEheiCqrjNp71lWZJeAeSdZh',1),(805,40,'0613cman2@blockodyssey.io','U2FsdGVkX1+t+rkxKZhJxVSVykzOmSjKO0IqDCSa7D8=',0,'1','2024-06-13 14:29:33','Y','U2FsdGVkX19LmoNNhJszJKRmqCwBRFsxut+r/g6bEyuummjUL/e2aUIaDcG2jpBf',1),(806,40,'0613cv1@blockodyssey.io','U2FsdGVkX1+KQ04yhY4XuioggZgsLMvY8c0N7WNqRbA=',0,'1','2024-06-13 14:29:33','Y','U2FsdGVkX19euIjBpXEEC7HQbRVyBXCJDlBca271U2ddkf9PQdd3mYcqwP6aEnKr',1),(807,40,'0613cv2@blockodyssey.io','U2FsdGVkX1+wbZdRzjrcyvBJbGjTK8Q6oMQCOhlgcBU=',0,'1','2024-06-13 14:29:33','Y','U2FsdGVkX1/fwIOSEBN+6MrrsyNCmYc3LKrlBvsKF8YrQBP4hsn2IXzd2Z54Mtjh',1),(808,44,'0617clientM@blockodyssey.io','U2FsdGVkX19fE04VgK88GhIykvSXmdVaTJ3Hodyx4fI=',0,'1','2024-06-13 14:45:00','Y','U2FsdGVkX1+oJO4xgwRyxk+KmN3XUcmNS/0/CCcol2mqS9nO0G+EZC3odBXP7E7S',1),(809,44,'0617manager1@blockodyssey.io','U2FsdGVkX19fE04VgK88GhIykvSXmdVaTJ3Hodyx4fI=',0,'1','2024-06-13 14:45:00','Y','U2FsdGVkX1+oJO4xgwRyxk+KmN3XUcmNS/0/CCcol2mqS9nO0G+EZC3odBXP7E7S',1),(810,44,'0617manager2@blockodyssey.io','U2FsdGVkX19fE04VgK88GhIykvSXmdVaTJ3Hodyx4fI=',0,'1','2024-06-13 14:45:00','Y','U2FsdGVkX1+oJO4xgwRyxk+KmN3XUcmNS/0/CCcol2mqS9nO0G+EZC3odBXP7E7S',1),(811,44,'0617viewer1@blockodyssey.io','U2FsdGVkX19fE04VgK88GhIykvSXmdVaTJ3Hodyx4fI=',0,'1','2024-06-13 14:45:00','Y','U2FsdGVkX1+oJO4xgwRyxk+KmN3XUcmNS/0/CCcol2mqS9nO0G+EZC3odBXP7E7S',1),(812,44,'0617viewer2@blockodyssey.io','U2FsdGVkX195XddPELzLc0AZYKtphI9e9h6dbZg7Mxo=',0,'1','2024-06-13 14:45:00','Y','U2FsdGVkX1+oJO4xgwRyxk+KmN3XUcmNS/0/CCcol2mqS9nO0G+EZC3odBXP7E7S',1),(813,66,'0617QACMaster@blockodyssey.io','U2FsdGVkX195XddPELzLc0AZYKtphI9e9h6dbZg7Mxo=',0,'1','2024-06-17 11:26:54','Y','U2FsdGVkX1+oJO4xgwRyxk+KmN3XUcmNS/0/CCcol2mqS9nO0G+EZC3odBXP7E7S',1),(814,66,'0617QACManager1@blockodyssey.io','U2FsdGVkX195XddPELzLc0AZYKtphI9e9h6dbZg7Mxo=',0,'1','2024-06-17 11:26:54','Y','U2FsdGVkX1+oJO4xgwRyxk+KmN3XUcmNS/0/CCcol2mqS9nO0G+EZC3odBXP7E7S',1),(815,66,'0617QACManager2@blockodyssey.io','U2FsdGVkX195XddPELzLc0AZYKtphI9e9h6dbZg7Mxo=',0,'1','2024-06-17 11:26:54','Y','U2FsdGVkX1+oJO4xgwRyxk+KmN3XUcmNS/0/CCcol2mqS9nO0G+EZC3odBXP7E7S',1),(816,66,'0617QACViewer1@blockodyssey.io','U2FsdGVkX195XddPELzLc0AZYKtphI9e9h6dbZg7Mxo=',0,'1','2024-06-17 11:26:54','Y','U2FsdGVkX1+oJO4xgwRyxk+KmN3XUcmNS/0/CCcol2mqS9nO0G+EZC3odBXP7E7S',1),(817,66,'0617QACViewer2@blockodyssey.io','U2FsdGVkX195XddPELzLc0AZYKtphI9e9h6dbZg7Mxo=',0,'1','2024-06-17 11:26:54','Y','U2FsdGVkX1+oJO4xgwRyxk+KmN3XUcmNS/0/CCcol2mqS9nO0G+EZC3odBXP7E7S',1),(818,40,'odysseyaaaaaa@blockodyssey.io','U2FsdGVkX1+gVHHzuaHC/wVNrmvjRkRU7W+6ti37kWk=',0,'1','2024-06-18 12:36:51','Y',NULL,0),(819,78,'odyssey@blockodyssey.io','U2FsdGVkX1/RISX8dK5w7RuJtLgFtQfzVfEkfQ/LARE=',0,'1','2024-06-27 18:10:42','Y',NULL,0);
/*!40000 ALTER TABLE `user` ENABLE KEYS */;
UNLOCK TABLES;

--
-- Table structure for table `user_authority`
--

DROP TABLE IF EXISTS `user_authority`;
/*!40101 SET @saved_cs_client     = @@character_set_client */;
/*!50503 SET character_set_client = utf8mb4 */;
CREATE TABLE `user_authority` (
  `id` int NOT NULL AUTO_INCREMENT,
  `user_id` int DEFAULT NULL,
  `network_id` int DEFAULT NULL,
  `name` varchar(20) CHARACTER SET utf8mb4 COLLATE utf8mb4_general_ci DEFAULT NULL,
  PRIMARY KEY (`id`)
) ENGINE=InnoDB DEFAULT CHARSET=utf8mb4 COLLATE=utf8mb4_general_ci;
/*!40101 SET character_set_client = @saved_cs_client */;

--
-- Dumping data for table `user_authority`
--

LOCK TABLES `user_authority` WRITE;
/*!40000 ALTER TABLE `user_authority` DISABLE KEYS */;
/*!40000 ALTER TABLE `user_authority` ENABLE KEYS */;
UNLOCK TABLES;

--
-- Table structure for table `user_invite`
--

DROP TABLE IF EXISTS `user_invite`;
/*!40101 SET @saved_cs_client     = @@character_set_client */;
/*!50503 SET character_set_client = utf8mb4 */;
CREATE TABLE `user_invite` (
  `id` int NOT NULL AUTO_INCREMENT,
  `user_id` int NOT NULL,
  `invite_user_id` int NOT NULL,
  `expire_date` datetime DEFAULT NULL,
  `create_date` datetime DEFAULT NULL,
  PRIMARY KEY (`id`),
  KEY `user_invite-invite_user_id-user-id-fk_idx` (`invite_user_id`) USING BTREE,
  KEY `user_invite-user_id-n-invite_user_id-user-id-fk_idx` (`user_id`,`invite_user_id`) USING BTREE
) ENGINE=InnoDB AUTO_INCREMENT=98 DEFAULT CHARSET=utf8mb4 COLLATE=utf8mb4_general_ci;
/*!40101 SET character_set_client = @saved_cs_client */;

--
-- Dumping data for table `user_invite`
--

LOCK TABLES `user_invite` WRITE;
/*!40000 ALTER TABLE `user_invite` DISABLE KEYS */;
INSERT INTO `user_invite` VALUES (1,2,1,'2024-04-08 10:50:50','2024-04-08 10:50:50'),(3,678,1,'2024-04-17 15:10:49','2024-04-17 15:10:49'),(7,682,11,'2024-04-18 13:51:39','2024-04-18 13:51:39'),(8,684,11,'2024-04-18 13:53:52','2024-04-18 13:53:52'),(9,685,11,'2024-04-18 14:28:46','2024-04-18 14:28:46'),(12,695,11,'2024-04-22 12:45:22','2024-04-22 12:45:22'),(13,696,11,'2024-04-22 13:08:47','2024-04-22 13:08:47'),(14,697,11,'2024-04-22 13:56:20','2024-04-22 13:56:20'),(15,698,11,'2024-04-22 13:56:39','2024-04-22 13:56:39'),(16,699,11,'2024-04-22 16:59:51','2024-04-22 16:59:51'),(18,706,1,'2024-04-23 15:41:32','2024-04-23 15:41:32'),(19,707,1,'2024-04-23 15:43:31','2024-04-23 15:43:31'),(20,708,11,'2024-04-23 16:56:51','2024-04-23 16:56:51'),(21,709,11,'2024-04-23 16:57:09','2024-04-23 16:57:09'),(22,710,11,'2024-04-23 16:57:22','2024-04-23 16:57:22'),(23,711,1,'2024-04-25 13:48:27','2024-04-25 13:48:27'),(24,712,1,'2024-04-25 16:18:56','2024-04-25 16:18:56'),(25,716,715,'2024-04-29 14:47:25','2024-04-29 14:47:25'),(26,717,715,'2024-04-29 14:48:18','2024-04-29 14:48:18'),(27,718,715,'2024-04-29 14:48:34','2024-04-29 14:48:34'),(28,719,715,'2024-04-29 14:48:51','2024-04-29 14:48:51'),(29,720,715,'2024-04-29 14:49:48','2024-04-29 14:49:48'),(30,721,715,'2024-04-29 14:50:47','2024-04-29 14:50:47'),(31,722,715,'2024-04-29 14:50:58','2024-04-29 14:50:58'),(32,723,715,'2024-04-29 14:51:09','2024-04-29 14:51:09'),(33,724,715,'2024-04-29 14:51:17','2024-04-29 14:51:17'),(34,725,715,'2024-04-29 14:51:26','2024-04-29 14:51:26'),(52,747,700,'2024-05-02 12:17:30','2024-05-02 12:17:30'),(53,750,700,'2024-05-02 16:08:55','2024-05-02 16:08:55'),(65,762,700,'2024-05-03 12:00:13','2024-05-03 12:00:13'),(66,766,68,'2024-05-14 10:26:41','2024-05-14 10:26:41'),(67,767,68,'2024-05-14 10:28:07','2024-05-14 10:28:07'),(68,768,700,'2024-05-14 15:41:07','2024-05-14 15:41:07'),(69,772,769,'2024-05-14 16:54:34','2024-05-14 16:54:34'),(70,773,769,'2024-05-14 16:58:48','2024-05-14 16:58:48'),(71,774,68,'2024-05-14 17:02:07','2024-05-14 17:02:07'),(72,775,769,'2024-05-14 17:17:54','2024-05-14 17:17:54'),(73,776,769,'2024-05-14 18:09:51','2024-05-14 18:09:51'),(74,781,777,'2024-05-16 15:22:36','2024-05-16 15:22:36'),(75,782,777,'2024-05-20 14:15:16','2024-05-20 14:15:16'),(77,784,777,'2024-05-20 17:11:54','2024-05-20 17:11:54'),(78,791,790,'2024-06-05 16:38:36','2024-06-05 16:38:36'),(79,793,792,'2024-06-05 17:08:40','2024-06-05 17:08:40'),(80,794,793,'2024-06-10 10:57:17','2024-06-10 10:57:17'),(81,795,793,'2024-06-10 13:17:54','2024-06-10 13:17:54'),(82,797,796,'2024-06-10 18:07:05','2024-06-10 18:07:05'),(83,799,796,'2024-06-12 18:01:18','2024-06-12 18:01:18'),(84,802,801,'2024-06-13 12:29:03','2024-06-13 12:29:03'),(85,804,803,'2024-06-13 13:53:40','2024-06-13 13:53:40'),(86,805,803,'2024-06-13 13:53:54','2024-06-13 13:53:54'),(87,806,803,'2024-06-13 13:54:11','2024-06-13 13:54:11'),(88,807,803,'2024-06-13 13:54:22','2024-06-13 13:54:22'),(89,809,808,'2024-06-13 14:42:22','2024-06-13 14:42:22'),(90,810,808,'2024-06-13 14:42:32','2024-06-13 14:42:32'),(91,811,808,'2024-06-13 14:43:06','2024-06-13 14:43:06'),(92,812,808,'2024-06-13 14:43:16','2024-06-13 14:43:16'),(93,814,813,'2024-06-17 11:18:14','2024-06-17 11:18:14'),(94,815,813,'2024-06-17 11:18:28','2024-06-17 11:18:28'),(95,816,813,'2024-06-17 11:18:49','2024-06-17 11:18:49'),(96,817,813,'2024-06-17 11:19:03','2024-06-17 11:19:03'),(97,818,803,'2024-06-18 12:36:51','2024-06-18 12:36:51');
/*!40000 ALTER TABLE `user_invite` ENABLE KEYS */;
UNLOCK TABLES;

--
-- Table structure for table `user_ip_whitelist`
--

DROP TABLE IF EXISTS `user_ip_whitelist`;
/*!40101 SET @saved_cs_client     = @@character_set_client */;
/*!50503 SET character_set_client = utf8mb4 */;
CREATE TABLE `user_ip_whitelist` (
  `id` int NOT NULL AUTO_INCREMENT,
  `user_id` int DEFAULT NULL,
  `ip` varchar(100) CHARACTER SET utf8mb4 COLLATE utf8mb4_general_ci DEFAULT NULL,
  PRIMARY KEY (`id`)
) ENGINE=InnoDB DEFAULT CHARSET=utf8mb4 COLLATE=utf8mb4_general_ci;
/*!40101 SET character_set_client = @saved_cs_client */;

--
-- Dumping data for table `user_ip_whitelist`
--

LOCK TABLES `user_ip_whitelist` WRITE;
/*!40000 ALTER TABLE `user_ip_whitelist` DISABLE KEYS */;
/*!40000 ALTER TABLE `user_ip_whitelist` ENABLE KEYS */;
UNLOCK TABLES;

--
-- Table structure for table `user_profile`
--

DROP TABLE IF EXISTS `user_profile`;
/*!40101 SET @saved_cs_client     = @@character_set_client */;
/*!50503 SET character_set_client = utf8mb4 */;
CREATE TABLE `user_profile` (
  `id` int NOT NULL AUTO_INCREMENT,
  `user_id` int NOT NULL,
  `name` varchar(20) CHARACTER SET utf8mb4 COLLATE utf8mb4_general_ci DEFAULT NULL,
  `role_id` int DEFAULT NULL,
  `create_date` datetime DEFAULT NULL,
  `update_date` datetime DEFAULT NULL,
  PRIMARY KEY (`id`),
  KEY `user_profile-role_id-user_role-id-fk_idx` (`role_id`) USING BTREE,
  KEY `user_profile-user_id-user-id-fk_idx` (`user_id`) USING BTREE
) ENGINE=InnoDB AUTO_INCREMENT=802 DEFAULT CHARSET=utf8mb4 COLLATE=utf8mb4_general_ci;
/*!40101 SET character_set_client = @saved_cs_client */;

--
-- Dumping data for table `user_profile`
--

LOCK TABLES `user_profile` WRITE;
/*!40000 ALTER TABLE `user_profile` DISABLE KEYS */;
INSERT INTO `user_profile` VALUES (1,1,'최승용',1,'2024-04-08 01:19:41','2024-04-08 01:19:41'),(2,2,'손창호',2,'2024-04-08 10:50:50','2024-04-24 10:03:32'),(3,3,'중간승인자01',2,'2024-04-08 02:00:35','2024-04-08 02:00:35'),(4,4,'중간승인자02',2,'2024-04-08 02:01:11','2024-04-23 14:43:03'),(5,5,'중간승인자03',2,'2024-04-08 02:01:32','2024-04-08 02:01:32'),(6,7,'중간승인자04',3,'2024-04-08 02:04:15','2024-04-24 10:26:34'),(7,8,'최종승인자',2,'2024-04-08 02:05:38','2024-04-08 02:05:38'),(8,9,'뷰어01',3,'2024-04-08 02:08:33','2024-04-08 02:08:33'),(9,10,'뷰어01',3,'2024-04-08 02:08:42','2024-04-08 02:08:42'),(10,11,'김영호',1,'2024-04-08 05:49:27','2024-04-08 05:49:27'),(11,12,'하헌성',1,'2024-04-08 05:49:57','2024-04-08 05:49:57'),(12,13,'테스트01',2,'2024-04-16 07:28:50','2024-04-16 07:28:50'),(13,15,'테스트02',2,'2024-04-16 07:31:48','2024-04-16 07:31:48'),(17,19,'테스트06',2,'2024-04-16 07:34:07','2024-04-16 07:34:07'),(18,20,'테스트07',3,'2024-04-16 07:34:07','2024-04-25 13:52:24'),(19,21,'테스트08',2,'2024-04-16 07:34:07','2024-04-16 07:34:07'),(20,22,'테스트09',2,'2024-04-16 07:34:07','2024-04-16 07:34:07'),(21,23,'테스트10',2,'2024-04-16 07:34:07','2024-04-16 07:34:07'),(22,24,'테스트11',2,'2024-04-16 07:34:07','2024-04-16 07:34:07'),(23,25,'테스트12',2,'2024-04-16 07:34:07','2024-04-16 07:34:07'),(24,26,'테스트13',2,'2024-04-16 07:34:07','2024-04-16 07:34:07'),(25,27,'테스트14',2,'2024-04-16 07:34:07','2024-04-16 07:34:07'),(26,28,'테스트15',2,'2024-04-16 07:34:07','2024-04-16 07:34:07'),(27,29,'테스트16',2,'2024-04-16 07:34:07','2024-04-16 07:34:07'),(28,30,'테스트17',2,'2024-04-16 07:34:07','2024-04-16 07:34:07'),(29,31,'테스트18',2,'2024-04-16 07:34:07','2024-04-16 07:34:07'),(30,32,'테스트19',2,'2024-04-16 07:34:07','2024-04-16 07:34:07'),(31,33,'테스트20',2,'2024-04-16 07:34:08','2024-04-16 07:34:08'),(32,34,'테스트21',2,'2024-04-16 07:34:08','2024-04-16 07:34:08'),(33,35,'테스트22',2,'2024-04-16 07:34:08','2024-04-16 07:34:08'),(34,36,'테스트23',2,'2024-04-16 07:34:08','2024-04-16 07:34:08'),(35,37,'테스트24',2,'2024-04-16 07:34:08','2024-04-16 07:34:08'),(36,38,'테스트25',2,'2024-04-16 07:34:08','2024-04-16 07:34:08'),(37,39,'테스트26',2,'2024-04-16 07:34:08','2024-04-16 07:34:08'),(48,50,'테스트37',2,'2024-04-16 07:34:09','2024-04-25 16:13:51'),(49,51,'테스트38',2,'2024-04-16 07:34:09','2024-04-16 07:34:09'),(51,53,'테스트40',2,'2024-04-16 07:35:40','2024-04-16 07:35:40'),(52,54,'테스트41',2,'2024-04-16 07:35:40','2024-04-16 07:35:40'),(53,55,'테스트42',3,'2024-04-16 07:35:40','2024-04-25 16:18:31'),(54,56,'테스트43',2,'2024-04-16 07:35:40','2024-04-16 07:35:40'),(55,57,'테스트44',2,'2024-04-16 07:35:40','2024-04-16 07:35:40'),(56,58,'테스트45',2,'2024-04-16 07:35:40','2024-04-16 07:35:40'),(57,59,'테스트46',2,'2024-04-16 07:35:40','2024-04-16 07:35:40'),(58,60,'테스트47',2,'2024-04-16 07:35:40','2024-04-16 07:35:40'),(59,61,'테스트48',2,'2024-04-16 07:35:40','2024-04-16 07:35:40'),(60,62,'테스트49',2,'2024-04-16 07:35:40','2024-04-16 07:35:40'),(61,63,'테스트50',1,'2024-04-16 07:35:41','2024-04-16 07:35:41'),(62,64,'테스트51',1,'2024-04-16 07:35:41','2024-04-16 07:35:41'),(63,65,'테스트52',1,'2024-04-16 07:35:41','2024-04-16 07:35:41'),(64,66,'테스트53',1,'2024-04-16 07:35:41','2024-04-16 07:35:41'),(65,67,'테스트54',1,'2024-04-16 07:35:41','2024-04-16 07:35:41'),(66,68,'테스트55',1,'2024-04-16 07:35:41','2024-04-16 07:35:41'),(67,69,'테스트56',1,'2024-04-16 07:35:41','2024-04-16 07:35:41'),(68,70,'테스트57',1,'2024-04-16 07:35:41','2024-04-16 07:35:41'),(69,71,'테스트58',1,'2024-04-16 07:35:41','2024-04-16 07:35:41'),(70,72,'테스트59',1,'2024-04-16 07:35:41','2024-04-16 07:35:41'),(71,73,'테스트60',1,'2024-04-16 07:35:41','2024-04-16 07:35:41'),(72,74,'테스트61',1,'2024-04-16 07:35:41','2024-04-16 07:35:41'),(73,75,'테스트62',1,'2024-04-16 07:35:41','2024-04-16 07:35:41'),(74,76,'테스트63',1,'2024-04-16 07:35:41','2024-04-16 07:35:41'),(75,77,'테스트64',1,'2024-04-16 07:35:41','2024-04-16 07:35:41'),(76,78,'테스트65',1,'2024-04-16 07:35:41','2024-04-16 07:35:41'),(77,79,'테스트66',1,'2024-04-16 07:35:41','2024-04-16 07:35:41'),(78,80,'테스트67',1,'2024-04-16 07:35:41','2024-04-16 07:35:41'),(79,81,'테스트68',1,'2024-04-16 07:35:42','2024-04-16 07:35:42'),(80,82,'테스트69',1,'2024-04-16 07:35:42','2024-04-16 07:35:42'),(81,83,'테스트70',1,'2024-04-16 07:36:17','2024-04-16 07:36:17'),(82,84,'테스트71',1,'2024-04-16 07:36:17','2024-04-16 07:36:17'),(83,85,'테스트72',1,'2024-04-16 07:36:17','2024-04-16 07:36:17'),(84,86,'테스트73',1,'2024-04-16 07:36:17','2024-04-16 07:36:17'),(85,87,'테스트74',1,'2024-04-16 07:36:17','2024-04-16 07:36:17'),(86,88,'테스트75',1,'2024-04-16 07:36:17','2024-04-16 07:36:17'),(87,89,'테스트76',1,'2024-04-16 07:36:17','2024-04-16 07:36:17'),(88,90,'테스트77',1,'2024-04-16 07:36:17','2024-04-16 07:36:17'),(89,91,'테스트78',1,'2024-04-16 07:36:17','2024-04-16 07:36:17'),(90,92,'테스트79',1,'2024-04-16 07:36:17','2024-04-16 07:36:17'),(91,93,'테스트80',1,'2024-04-16 07:36:17','2024-04-16 07:36:17'),(92,94,'테스트81',1,'2024-04-16 07:36:17','2024-04-16 07:36:17'),(93,95,'테스트82',1,'2024-04-16 07:36:17','2024-04-16 07:36:17'),(94,96,'테스트83',1,'2024-04-16 07:36:18','2024-04-16 07:36:18'),(95,97,'테스트84',1,'2024-04-16 07:36:18','2024-04-16 07:36:18'),(96,98,'테스트85',1,'2024-04-16 07:36:18','2024-04-16 07:36:18'),(97,99,'테스트86',1,'2024-04-16 07:36:18','2024-04-16 07:36:18'),(98,100,'테스트87',1,'2024-04-16 07:36:18','2024-04-16 07:36:18'),(99,101,'테스트88',1,'2024-04-16 07:36:18','2024-04-16 07:36:18'),(100,102,'테스트89',1,'2024-04-16 07:36:18','2024-04-16 07:36:18'),(101,103,'테스트90',1,'2024-04-16 07:36:18','2024-04-16 07:36:18'),(102,104,'테스트91',1,'2024-04-16 07:36:18','2024-04-16 07:36:18'),(103,105,'테스트92',1,'2024-04-16 07:36:18','2024-04-16 07:36:18'),(104,106,'테스트93',1,'2024-04-16 07:36:18','2024-04-16 07:36:18'),(105,107,'테스트94',1,'2024-04-16 07:36:18','2024-04-16 07:36:18'),(106,108,'테스트95',1,'2024-04-16 07:36:18','2024-04-16 07:36:18'),(107,109,'테스트96',1,'2024-04-16 07:36:18','2024-04-16 07:36:18'),(108,110,'테스트97',1,'2024-04-16 07:36:18','2024-04-16 07:36:18'),(109,111,'테스트98',1,'2024-04-16 07:36:18','2024-04-16 07:36:18'),(110,112,'테스트99',1,'2024-04-16 07:36:18','2024-04-16 07:36:18'),(111,113,'테스트110',3,'2024-04-16 07:38:12','2024-04-16 07:38:12'),(112,114,'테스트111',3,'2024-04-16 07:38:13','2024-04-16 07:38:13'),(113,115,'테스트112',3,'2024-04-16 07:38:13','2024-04-16 07:38:13'),(114,116,'테스트113',3,'2024-04-16 07:38:13','2024-04-16 07:38:13'),(115,117,'테스트114',3,'2024-04-16 07:38:13','2024-04-16 07:38:13'),(116,118,'테스트115',3,'2024-04-16 07:38:13','2024-04-16 07:38:13'),(117,119,'테스트116',3,'2024-04-16 07:38:13','2024-04-16 07:38:13'),(118,120,'테스트117',3,'2024-04-16 07:38:13','2024-04-16 07:38:13'),(119,121,'테스트118',3,'2024-04-16 07:38:13','2024-04-16 07:38:13'),(120,122,'테스트119',3,'2024-04-16 07:38:13','2024-04-16 07:38:13'),(121,123,'테스트120',3,'2024-04-16 07:38:13','2024-04-16 07:38:13'),(122,124,'테스트121',3,'2024-04-16 07:38:13','2024-04-16 07:38:13'),(123,125,'테스트122',3,'2024-04-16 07:38:13','2024-04-16 07:38:13'),(124,126,'테스트123',3,'2024-04-16 07:38:13','2024-04-16 07:38:13'),(125,127,'테스트124',3,'2024-04-16 07:38:13','2024-04-16 07:38:13'),(126,128,'테스트125',3,'2024-04-16 07:38:13','2024-04-16 07:38:13'),(127,129,'테스트126',3,'2024-04-16 07:38:13','2024-04-16 07:38:13'),(128,130,'테스트127',3,'2024-04-16 07:38:13','2024-04-16 07:38:13'),(129,131,'테스트128',3,'2024-04-16 07:38:14','2024-04-16 07:38:14'),(130,132,'테스트129',3,'2024-04-16 07:38:14','2024-04-16 07:38:14'),(131,133,'테스트130',3,'2024-04-16 07:38:14','2024-04-16 07:38:14'),(132,134,'테스트131',3,'2024-04-16 07:38:14','2024-04-16 07:38:14'),(133,135,'테스트132',3,'2024-04-16 07:38:14','2024-04-16 07:38:14'),(134,136,'테스트133',3,'2024-04-16 07:38:14','2024-04-16 07:38:14'),(135,137,'테스트134',3,'2024-04-16 07:38:14','2024-04-16 07:38:14'),(136,138,'테스트135',3,'2024-04-16 07:38:14','2024-04-16 07:38:14'),(137,139,'테스트136',3,'2024-04-16 07:38:14','2024-04-16 07:38:14'),(138,140,'테스트137',3,'2024-04-16 07:38:14','2024-04-16 07:38:14'),(139,141,'테스트138',3,'2024-04-16 07:38:14','2024-04-16 07:38:14'),(140,142,'테스트139',3,'2024-04-16 07:38:14','2024-04-16 07:38:14'),(141,143,'테스트140',3,'2024-04-16 07:38:51','2024-04-16 07:38:51'),(142,144,'테스트141',3,'2024-04-16 07:38:51','2024-04-16 07:38:51'),(143,145,'테스트142',3,'2024-04-16 07:38:51','2024-04-16 07:38:51'),(144,146,'테스트143',3,'2024-04-16 07:38:51','2024-04-16 07:38:51'),(145,147,'테스트144',3,'2024-04-16 07:38:51','2024-04-16 07:38:51'),(146,148,'테스트145',3,'2024-04-16 07:38:51','2024-04-16 07:38:51'),(147,149,'테스트146',3,'2024-04-16 07:38:51','2024-04-16 07:38:51'),(148,150,'테스트147',3,'2024-04-16 07:38:51','2024-04-16 07:38:51'),(149,151,'테스트148',3,'2024-04-16 07:38:51','2024-04-16 07:38:51'),(150,152,'테스트149',3,'2024-04-16 07:38:51','2024-04-16 07:38:51'),(151,153,'테스트150',3,'2024-04-16 07:38:51','2024-04-16 07:38:51'),(152,154,'테스트151',2,'2024-04-16 07:38:52','2024-04-16 07:38:52'),(153,155,'테스트152',2,'2024-04-16 07:38:52','2024-04-16 07:38:52'),(154,156,'테스트153',2,'2024-04-16 07:38:52','2024-04-16 07:38:52'),(155,157,'테스트154',2,'2024-04-16 07:38:52','2024-04-16 07:38:52'),(156,158,'테스트155',2,'2024-04-16 07:38:52','2024-04-16 07:38:52'),(157,159,'테스트156',2,'2024-04-16 07:38:52','2024-04-16 07:38:52'),(158,160,'테스트157',2,'2024-04-16 07:38:52','2024-04-16 07:38:52'),(159,161,'테스트158',2,'2024-04-16 07:38:52','2024-04-16 07:38:52'),(160,162,'테스트159',2,'2024-04-16 07:38:52','2024-04-16 07:38:52'),(161,163,'테스트160',2,'2024-04-16 07:38:52','2024-04-16 07:38:52'),(162,164,'테스트161',2,'2024-04-16 07:38:52','2024-04-16 07:38:52'),(163,165,'테스트162',2,'2024-04-16 07:38:52','2024-04-16 07:38:52'),(164,166,'테스트163',2,'2024-04-16 07:38:52','2024-04-16 07:38:52'),(165,167,'테스트164',2,'2024-04-16 07:38:52','2024-04-16 07:38:52'),(166,168,'테스트165',2,'2024-04-16 07:38:52','2024-04-16 07:38:52'),(167,169,'테스트166',2,'2024-04-16 07:38:52','2024-04-16 07:38:52'),(168,170,'테스트167',2,'2024-04-16 07:38:53','2024-04-16 07:38:53'),(169,171,'테스트168',2,'2024-04-16 07:38:53','2024-04-16 07:38:53'),(170,172,'테스트169',2,'2024-04-16 07:38:53','2024-04-16 07:38:53'),(171,173,'테스트유저200',2,'2024-04-16 07:45:46','2024-04-16 07:45:46'),(172,174,'테스트유저201',2,'2024-04-16 07:45:46','2024-04-16 07:45:46'),(173,175,'테스트유저202',2,'2024-04-16 07:45:46','2024-04-16 07:45:46'),(174,176,'테스트유저300',2,'2024-04-16 07:47:01','2024-04-16 07:47:01'),(175,177,'테스트유저302',2,'2024-04-16 07:47:01','2024-04-16 07:47:01'),(176,181,'테스트유저304',2,'2024-04-16 07:47:01','2024-04-16 07:47:01'),(177,178,'테스트유저303',2,'2024-04-16 07:47:01','2024-04-16 07:47:01'),(178,179,'테스트유저305',2,'2024-04-16 07:47:01','2024-04-16 07:47:01'),(179,180,'테스트유저301',2,'2024-04-16 07:47:01','2024-04-16 07:47:01'),(180,184,'테스트유저309',2,'2024-04-16 07:47:01','2024-04-16 07:47:01'),(181,185,'테스트유저308',2,'2024-04-16 07:47:01','2024-04-16 07:47:01'),(182,182,'테스트유저306',2,'2024-04-16 07:47:01','2024-04-16 07:47:01'),(183,183,'테스트유저307',2,'2024-04-16 07:47:01','2024-04-16 07:47:01'),(184,186,'테스트유저310',2,'2024-04-16 07:47:01','2024-04-16 07:47:01'),(185,187,'테스트유저311',2,'2024-04-16 07:47:01','2024-04-16 07:47:01'),(186,188,'테스트유저312',2,'2024-04-16 07:47:01','2024-04-16 07:47:01'),(187,189,'테스트유저313',2,'2024-04-16 07:47:02','2024-04-16 07:47:02'),(188,193,'테스트유저317',2,'2024-04-16 07:47:02','2024-04-16 07:47:02'),(189,190,'테스트유저314',2,'2024-04-16 07:47:02','2024-04-16 07:47:02'),(190,192,'테스트유저316',2,'2024-04-16 07:47:02','2024-04-16 07:47:02'),(191,191,'테스트유저315',2,'2024-04-16 07:47:02','2024-04-16 07:47:02'),(192,195,'테스트유저319',2,'2024-04-16 07:47:02','2024-04-16 07:47:02'),(193,194,'테스트유저318',2,'2024-04-16 07:47:02','2024-04-16 07:47:02'),(194,203,'테스트유저327',2,'2024-04-16 07:47:02','2024-04-16 07:47:02'),(195,198,'테스트유저322',2,'2024-04-16 07:47:02','2024-04-16 07:47:02'),(196,202,'테스트유저326',2,'2024-04-16 07:47:02','2024-04-16 07:47:02'),(197,199,'테스트유저323',2,'2024-04-16 07:47:02','2024-04-16 07:47:02'),(198,196,'테스트유저320',2,'2024-04-16 07:47:02','2024-04-16 07:47:02'),(199,197,'테스트유저321',2,'2024-04-16 07:47:02','2024-04-16 07:47:02'),(200,205,'테스트유저329',2,'2024-04-16 07:47:02','2024-04-16 07:47:02'),(201,200,'테스트유저324',2,'2024-04-16 07:47:02','2024-04-16 07:47:02'),(202,201,'테스트유저325',2,'2024-04-16 07:47:02','2024-04-16 07:47:02'),(203,204,'테스트유저328',2,'2024-04-16 07:47:02','2024-04-16 07:47:02'),(204,206,'테스트유저330',2,'2024-04-16 07:47:02','2024-04-16 07:47:02'),(205,214,'테스트유저338',2,'2024-04-16 07:47:02','2024-04-16 07:47:02'),(206,212,'테스트유저336',2,'2024-04-16 07:47:02','2024-04-16 07:47:02'),(207,208,'테스트유저332',2,'2024-04-16 07:47:02','2024-04-16 07:47:02'),(208,210,'테스트유저334',2,'2024-04-16 07:47:02','2024-04-16 07:47:02'),(209,213,'테스트유저337',2,'2024-04-16 07:47:02','2024-04-16 07:47:02'),(210,211,'테스트유저335',2,'2024-04-16 07:47:02','2024-04-16 07:47:02'),(211,207,'테스트유저331',2,'2024-04-16 07:47:02','2024-04-16 07:47:02'),(212,215,'테스트유저339',2,'2024-04-16 07:47:02','2024-04-16 07:47:02'),(213,209,'테스트유저333',2,'2024-04-16 07:47:02','2024-04-16 07:47:02'),(214,216,'테스트유저340',2,'2024-04-16 07:47:02','2024-04-16 07:47:02'),(215,217,'테스트유저341',2,'2024-04-16 07:47:02','2024-04-16 07:47:02'),(216,218,'테스트유저342',2,'2024-04-16 07:47:02','2024-04-16 07:47:02'),(217,220,'테스트유저344',2,'2024-04-16 07:47:02','2024-04-16 07:47:02'),(218,219,'테스트유저343',2,'2024-04-16 07:47:02','2024-04-16 07:47:02'),(219,224,'테스트유저348',2,'2024-04-16 07:47:02','2024-04-16 07:47:02'),(220,222,'테스트유저346',2,'2024-04-16 07:47:02','2024-04-16 07:47:02'),(221,223,'테스트유저347',2,'2024-04-16 07:47:02','2024-04-16 07:47:02'),(222,225,'테스트유저349',2,'2024-04-16 07:47:02','2024-04-16 07:47:02'),(223,221,'테스트유저345',2,'2024-04-16 07:47:02','2024-04-16 07:47:02'),(224,226,'테스트유저350',2,'2024-04-16 07:47:02','2024-04-16 07:47:02'),(225,227,'테스트유저351',2,'2024-04-16 07:47:02','2024-04-16 07:47:02'),(226,228,'테스트유저352',2,'2024-04-16 07:47:02','2024-04-16 07:47:02'),(227,229,'테스트유저353',2,'2024-04-16 07:47:02','2024-04-16 07:47:02'),(228,230,'테스트유저354',2,'2024-04-16 07:47:02','2024-04-16 07:47:02'),(229,232,'테스트유저356',2,'2024-04-16 07:47:02','2024-04-16 07:47:02'),(230,231,'테스트유저355',2,'2024-04-16 07:47:02','2024-04-16 07:47:02'),(231,233,'테스트유저357',2,'2024-04-16 07:47:02','2024-04-16 07:47:02'),(232,236,'테스트유저360',2,'2024-04-16 07:47:02','2024-04-16 07:47:02'),(233,235,'테스트유저359',2,'2024-04-16 07:47:02','2024-04-16 07:47:02'),(234,234,'테스트유저358',2,'2024-04-16 07:47:02','2024-04-16 07:47:02'),(235,238,'테스트유저362',2,'2024-04-16 07:47:02','2024-04-16 07:47:02'),(236,237,'테스트유저361',2,'2024-04-16 07:47:02','2024-04-16 07:47:02'),(237,239,'테스트유저363',2,'2024-04-16 07:47:02','2024-04-16 07:47:02'),(238,241,'테스트유저365',2,'2024-04-16 07:47:02','2024-04-16 07:47:02'),(239,240,'테스트유저364',2,'2024-04-16 07:47:02','2024-04-16 07:47:02'),(240,242,'테스트유저366',2,'2024-04-16 07:47:02','2024-04-16 07:47:02'),(241,243,'테스트유저367',2,'2024-04-16 07:47:02','2024-04-16 07:47:02'),(242,244,'테스트유저368',2,'2024-04-16 07:47:02','2024-04-16 07:47:02'),(243,247,'테스트유저371',2,'2024-04-16 07:47:02','2024-04-16 07:47:02'),(244,245,'테스트유저370',2,'2024-04-16 07:47:02','2024-04-16 07:47:02'),(245,246,'테스트유저369',2,'2024-04-16 07:47:02','2024-04-16 07:47:02'),(246,248,'테스트유저372',2,'2024-04-16 07:47:02','2024-04-16 07:47:02'),(247,251,'테스트유저375',2,'2024-04-16 07:47:02','2024-04-16 07:47:02'),(248,249,'테스트유저373',2,'2024-04-16 07:47:02','2024-04-16 07:47:02'),(249,250,'테스트유저374',2,'2024-04-16 07:47:02','2024-04-16 07:47:02'),(250,253,'테스트유저377',2,'2024-04-16 07:47:02','2024-04-16 07:47:02'),(251,252,'테스트유저376',2,'2024-04-16 07:47:02','2024-04-16 07:47:02'),(252,256,'테스트유저380',2,'2024-04-16 07:47:02','2024-04-16 07:47:02'),(253,254,'테스트유저378',2,'2024-04-16 07:47:02','2024-04-16 07:47:02'),(254,257,'테스트유저381',2,'2024-04-16 07:47:02','2024-04-16 07:47:02'),(255,255,'테스트유저379',2,'2024-04-16 07:47:02','2024-04-16 07:47:02'),(256,258,'테스트유저382',2,'2024-04-16 07:47:02','2024-04-16 07:47:02'),(257,259,'테스트유저383',2,'2024-04-16 07:47:02','2024-04-16 07:47:02'),(258,263,'테스트유저387',2,'2024-04-16 07:47:02','2024-04-16 07:47:02'),(259,262,'테스트유저386',2,'2024-04-16 07:47:02','2024-04-16 07:47:02'),(260,260,'테스트유저384',2,'2024-04-16 07:47:02','2024-04-16 07:47:02'),(261,261,'테스트유저385',2,'2024-04-16 07:47:02','2024-04-16 07:47:02'),(262,264,'테스트유저388',2,'2024-04-16 07:47:02','2024-04-16 07:47:02'),(263,265,'테스트유저389',2,'2024-04-16 07:47:02','2024-04-16 07:47:02'),(264,266,'테스트유저390',2,'2024-04-16 07:47:02','2024-04-16 07:47:02'),(265,267,'테스트유저391',2,'2024-04-16 07:47:02','2024-04-16 07:47:02'),(266,268,'테스트유저392',2,'2024-04-16 07:47:02','2024-04-16 07:47:02'),(267,273,'테스트유저397',2,'2024-04-16 07:47:02','2024-04-16 07:47:02'),(268,272,'테스트유저396',2,'2024-04-16 07:47:02','2024-04-16 07:47:02'),(269,271,'테스트유저395',2,'2024-04-16 07:47:02','2024-04-16 07:47:02'),(270,269,'테스트유저393',2,'2024-04-16 07:47:02','2024-04-16 07:47:02'),(271,270,'테스트유저394',2,'2024-04-16 07:47:02','2024-04-16 07:47:02'),(272,276,'테스트유저400',2,'2024-04-16 07:47:02','2024-04-16 07:47:02'),(273,277,'테스트유저401',2,'2024-04-16 07:47:02','2024-04-16 07:47:02'),(274,274,'테스트유저398',2,'2024-04-16 07:47:02','2024-04-16 07:47:02'),(275,275,'테스트유저399',2,'2024-04-16 07:47:02','2024-04-16 07:47:02'),(276,278,'테스트유저402',2,'2024-04-16 07:47:02','2024-04-16 07:47:02'),(277,279,'테스트유저403',2,'2024-04-16 07:47:02','2024-04-16 07:47:02'),(278,280,'테스트유저404',2,'2024-04-16 07:47:02','2024-04-16 07:47:02'),(279,283,'테스트유저407',2,'2024-04-16 07:47:02','2024-04-16 07:47:02'),(280,281,'테스트유저405',2,'2024-04-16 07:47:02','2024-04-16 07:47:02'),(281,287,'테스트유저411',2,'2024-04-16 07:47:02','2024-04-16 07:47:02'),(282,284,'테스트유저408',2,'2024-04-16 07:47:02','2024-04-16 07:47:02'),(283,286,'테스트유저410',2,'2024-04-16 07:47:02','2024-04-16 07:47:02'),(284,282,'테스트유저406',2,'2024-04-16 07:47:02','2024-04-16 07:47:02'),(285,285,'테스트유저409',2,'2024-04-16 07:47:02','2024-04-16 07:47:02'),(286,288,'테스트유저412',2,'2024-04-16 07:47:03','2024-04-16 07:47:03'),(287,289,'테스트유저413',2,'2024-04-16 07:47:03','2024-04-16 07:47:03'),(288,297,'테스트유저421',2,'2024-04-16 07:47:03','2024-04-16 07:47:03'),(289,295,'테스트유저419',2,'2024-04-16 07:47:03','2024-04-16 07:47:03'),(290,294,'테스트유저418',2,'2024-04-16 07:47:03','2024-04-16 07:47:03'),(291,293,'테스트유저417',2,'2024-04-16 07:47:03','2024-04-16 07:47:03'),(292,292,'테스트유저416',2,'2024-04-16 07:47:03','2024-04-16 07:47:03'),(293,296,'테스트유저420',2,'2024-04-16 07:47:03','2024-04-16 07:47:03'),(294,298,'테스트유저422',2,'2024-04-16 07:47:03','2024-04-16 07:47:03'),(295,291,'테스트유저415',2,'2024-04-16 07:47:03','2024-04-16 07:47:03'),(296,290,'테스트유저414',2,'2024-04-16 07:47:03','2024-04-16 07:47:03'),(297,299,'테스트유저423',2,'2024-04-16 07:47:03','2024-04-16 07:47:03'),(298,302,'테스트유저425',2,'2024-04-16 07:47:03','2024-04-16 07:47:03'),(299,300,'테스트유저424',2,'2024-04-16 07:47:03','2024-04-16 07:47:03'),(300,309,'테스트유저433',2,'2024-04-16 07:47:03','2024-04-16 07:47:03'),(301,307,'테스트유저431',2,'2024-04-16 07:47:03','2024-04-16 07:47:03'),(302,303,'테스트유저426',2,'2024-04-16 07:47:03','2024-04-16 07:47:03'),(303,304,'테스트유저428',2,'2024-04-16 07:47:03','2024-04-16 07:47:03'),(304,306,'테스트유저430',2,'2024-04-16 07:47:03','2024-04-16 07:47:03'),(305,308,'테스트유저432',2,'2024-04-16 07:47:03','2024-04-16 07:47:03'),(306,305,'테스트유저429',2,'2024-04-16 07:47:03','2024-04-16 07:47:03'),(307,301,'테스트유저427',2,'2024-04-16 07:47:03','2024-04-16 07:47:03'),(308,310,'테스트유저434',2,'2024-04-16 07:47:03','2024-04-16 07:47:03'),(309,315,'테스트유저439',2,'2024-04-16 07:47:03','2024-04-16 07:47:03'),(310,311,'테스트유저435',2,'2024-04-16 07:47:03','2024-04-16 07:47:03'),(311,316,'테스트유저440',2,'2024-04-16 07:47:03','2024-04-16 07:47:03'),(312,317,'테스트유저441',2,'2024-04-16 07:47:03','2024-04-16 07:47:03'),(313,313,'테스트유저437',2,'2024-04-16 07:47:03','2024-04-16 07:47:03'),(314,312,'테스트유저436',2,'2024-04-16 07:47:03','2024-04-16 07:47:03'),(315,314,'테스트유저438',2,'2024-04-16 07:47:03','2024-04-16 07:47:03'),(316,318,'테스트유저442',2,'2024-04-16 07:47:03','2024-04-16 07:47:03'),(317,319,'테스트유저443',2,'2024-04-16 07:47:03','2024-04-16 07:47:03'),(318,320,'테스트유저444',2,'2024-04-16 07:47:03','2024-04-16 07:47:03'),(319,323,'테스트유저447',2,'2024-04-16 07:47:03','2024-04-16 07:47:03'),(320,322,'테스트유저446',2,'2024-04-16 07:47:03','2024-04-16 07:47:03'),(321,326,'테스트유저450',2,'2024-04-16 07:47:03','2024-04-16 07:47:03'),(322,321,'테스트유저445',2,'2024-04-16 07:47:03','2024-04-16 07:47:03'),(323,324,'테스트유저448',2,'2024-04-16 07:47:03','2024-04-16 07:47:03'),(324,325,'테스트유저449',2,'2024-04-16 07:47:03','2024-04-16 07:47:03'),(325,328,'테스트유저452',2,'2024-04-16 07:47:03','2024-04-16 07:47:03'),(326,327,'테스트유저451',2,'2024-04-16 07:47:03','2024-04-16 07:47:03'),(328,330,'테스트유저454',2,'2024-04-16 07:47:03','2024-04-16 07:47:03'),(329,331,'테스트유저455',2,'2024-04-16 07:47:03','2024-04-16 07:47:03'),(330,333,'테스트유저457',2,'2024-04-16 07:47:03','2024-04-16 07:47:03'),(331,338,'테스트유저462',2,'2024-04-16 07:47:03','2024-04-16 07:47:03'),(332,339,'테스트유저463',2,'2024-04-16 07:47:03','2024-04-16 07:47:03'),(333,335,'테스트유저459',2,'2024-04-16 07:47:03','2024-04-16 07:47:03'),(334,332,'테스트유저456',2,'2024-04-16 07:47:03','2024-04-16 07:47:03'),(335,334,'테스트유저458',2,'2024-04-16 07:47:03','2024-04-16 07:47:03'),(336,336,'테스트유저460',2,'2024-04-16 07:47:03','2024-04-16 07:47:03'),(337,337,'테스트유저461',2,'2024-04-16 07:47:03','2024-04-16 07:47:03'),(338,340,'테스트유저464',2,'2024-04-16 07:47:03','2024-04-16 07:47:03'),(339,341,'테스트유저465',2,'2024-04-16 07:47:03','2024-04-16 07:47:03'),(340,342,'테스트유저466',2,'2024-04-16 07:47:03','2024-04-16 07:47:03'),(341,348,'테스트유저472',2,'2024-04-16 07:47:03','2024-04-16 07:47:03'),(342,349,'테스트유저473',2,'2024-04-16 07:47:03','2024-04-16 07:47:03'),(343,346,'테스트유저470',2,'2024-04-16 07:47:03','2024-04-16 07:47:03'),(344,343,'테스트유저467',2,'2024-04-16 07:47:03','2024-04-16 07:47:03'),(345,344,'테스트유저468',2,'2024-04-16 07:47:03','2024-04-16 07:47:03'),(346,347,'테스트유저471',2,'2024-04-16 07:47:03','2024-04-16 07:47:03'),(347,345,'테스트유저469',2,'2024-04-16 07:47:03','2024-04-16 07:47:03'),(348,352,'테스트유저476',2,'2024-04-16 07:47:03','2024-04-16 07:47:03'),(349,350,'테스트유저474',2,'2024-04-16 07:47:03','2024-04-16 07:47:03'),(350,351,'테스트유저475',2,'2024-04-16 07:47:03','2024-04-16 07:47:03'),(351,353,'테스트유저477',2,'2024-04-16 07:47:03','2024-04-16 07:47:03'),(352,356,'테스트유저480',2,'2024-04-16 07:47:03','2024-04-16 07:47:03'),(353,358,'테스트유저482',2,'2024-04-16 07:47:03','2024-04-16 07:47:03'),(354,355,'테스트유저479',2,'2024-04-16 07:47:03','2024-04-16 07:47:03'),(355,357,'테스트유저481',2,'2024-04-16 07:47:03','2024-04-16 07:47:03'),(356,354,'테스트유저478',2,'2024-04-16 07:47:03','2024-04-16 07:47:03'),(357,359,'테스트유저483',2,'2024-04-16 07:47:03','2024-04-16 07:47:03'),(358,362,'테스트유저486',2,'2024-04-16 07:47:03','2024-04-16 07:47:03'),(359,363,'테스트유저487',2,'2024-04-16 07:47:03','2024-04-16 07:47:03'),(360,360,'테스트유저484',2,'2024-04-16 07:47:03','2024-04-16 07:47:03'),(361,361,'테스트유저485',2,'2024-04-16 07:47:03','2024-04-16 07:47:03'),(362,364,'테스트유저488',2,'2024-04-16 07:47:03','2024-04-16 07:47:03'),(363,367,'테스트유저491',2,'2024-04-16 07:47:03','2024-04-16 07:47:03'),(364,365,'테스트유저489',2,'2024-04-16 07:47:03','2024-04-16 07:47:03'),(365,369,'테스트유저493',2,'2024-04-16 07:47:03','2024-04-16 07:47:03'),(366,368,'테스트유저492',2,'2024-04-16 07:47:03','2024-04-16 07:47:03'),(367,366,'테스트유저490',2,'2024-04-16 07:47:03','2024-04-16 07:47:03'),(368,370,'테스트유저494',2,'2024-04-16 07:47:03','2024-04-16 07:47:03'),(369,372,'테스트유저496',2,'2024-04-16 07:47:03','2024-04-16 07:47:03'),(370,371,'테스트유저495',2,'2024-04-16 07:47:03','2024-04-16 07:47:03'),(371,373,'테스트유저497',2,'2024-04-16 07:47:03','2024-04-16 07:47:03'),(372,375,'테스트유저499',2,'2024-04-16 07:47:03','2024-04-16 07:47:03'),(373,374,'테스트유저498',2,'2024-04-16 07:47:03','2024-04-16 07:47:03'),(374,376,'테스트유저500',2,'2024-04-16 07:47:03','2024-04-16 07:47:03'),(375,379,'테스트유저503',2,'2024-04-16 07:47:03','2024-04-16 07:47:03'),(376,380,'테스트유저504',2,'2024-04-16 07:47:03','2024-04-16 07:47:03'),(377,381,'테스트유저505',2,'2024-04-16 07:47:03','2024-04-16 07:47:03'),(378,377,'테스트유저501',2,'2024-04-16 07:47:03','2024-04-16 07:47:03'),(379,383,'테스트유저507',2,'2024-04-16 07:47:03','2024-04-16 07:47:03'),(380,382,'테스트유저506',2,'2024-04-16 07:47:03','2024-04-16 07:47:03'),(381,378,'테스트유저502',2,'2024-04-16 07:47:03','2024-04-16 07:47:03'),(382,384,'테스트유저508',2,'2024-04-16 07:47:03','2024-04-16 07:47:03'),(383,385,'테스트유저509',2,'2024-04-16 07:47:03','2024-04-16 07:47:03'),(384,386,'테스트유저510',2,'2024-04-16 07:47:03','2024-04-16 07:47:03'),(385,387,'테스트유저511',2,'2024-04-16 07:47:03','2024-04-16 07:47:03'),(386,393,'테스트유저517',2,'2024-04-16 07:47:03','2024-04-16 07:47:03'),(387,390,'테스트유저514',2,'2024-04-16 07:47:03','2024-04-16 07:47:03'),(388,389,'테스트유저513',2,'2024-04-16 07:47:03','2024-04-16 07:47:03'),(389,391,'테스트유저515',2,'2024-04-16 07:47:03','2024-04-16 07:47:03'),(390,392,'테스트유저516',2,'2024-04-16 07:47:03','2024-04-16 07:47:03'),(391,388,'테스트유저512',2,'2024-04-16 07:47:03','2024-04-16 07:47:03'),(392,396,'테스트유저520',2,'2024-04-16 07:47:04','2024-04-16 07:47:04'),(393,394,'테스트유저518',2,'2024-04-16 07:47:04','2024-04-16 07:47:04'),(394,395,'테스트유저519',2,'2024-04-16 07:47:04','2024-04-16 07:47:04'),(395,397,'테스트유저521',2,'2024-04-16 07:47:04','2024-04-16 07:47:04'),(396,398,'테스트유저522',2,'2024-04-16 07:47:04','2024-04-16 07:47:04'),(397,402,'테스트유저526',2,'2024-04-16 07:47:04','2024-04-16 07:47:04'),(398,400,'테스트유저524',2,'2024-04-16 07:47:04','2024-04-16 07:47:04'),(399,401,'테스트유저525',2,'2024-04-16 07:47:04','2024-04-16 07:47:04'),(400,403,'테스트유저527',2,'2024-04-16 07:47:04','2024-04-16 07:47:04'),(401,399,'테스트유저523',2,'2024-04-16 07:47:04','2024-04-16 07:47:04'),(402,407,'테스트유저531',2,'2024-04-16 07:47:04','2024-04-16 07:47:04'),(403,406,'테스트유저530',2,'2024-04-16 07:47:04','2024-04-16 07:47:04'),(404,404,'테스트유저528',2,'2024-04-16 07:47:04','2024-04-16 07:47:04'),(405,405,'테스트유저529',2,'2024-04-16 07:47:04','2024-04-16 07:47:04'),(406,408,'테스트유저532',2,'2024-04-16 07:47:04','2024-04-16 07:47:04'),(407,409,'테스트유저533',2,'2024-04-16 07:47:04','2024-04-16 07:47:04'),(408,411,'테스트유저535',2,'2024-04-16 07:47:04','2024-04-16 07:47:04'),(409,413,'테스트유저537',2,'2024-04-16 07:47:04','2024-04-16 07:47:04'),(410,412,'테스트유저536',2,'2024-04-16 07:47:04','2024-04-16 07:47:04'),(411,410,'테스트유저534',2,'2024-04-16 07:47:04','2024-04-16 07:47:04'),(412,414,'테스트유저538',2,'2024-04-16 07:47:04','2024-04-16 07:47:04'),(413,419,'테스트유저543',2,'2024-04-16 07:47:04','2024-04-16 07:47:04'),(414,415,'테스트유저539',2,'2024-04-16 07:47:04','2024-04-16 07:47:04'),(415,418,'테스트유저542',2,'2024-04-16 07:47:04','2024-04-16 07:47:04'),(416,416,'테스트유저540',2,'2024-04-16 07:47:04','2024-04-16 07:47:04'),(417,417,'테스트유저541',2,'2024-04-16 07:47:04','2024-04-16 07:47:04'),(418,420,'테스트유저544',2,'2024-04-16 07:47:04','2024-04-16 07:47:04'),(419,422,'테스트유저546',2,'2024-04-16 07:47:04','2024-04-16 07:47:04'),(420,421,'테스트유저545',2,'2024-04-16 07:47:04','2024-04-16 07:47:04'),(421,423,'테스트유저547',2,'2024-04-16 07:47:04','2024-04-16 07:47:04'),(422,425,'테스트유저549',2,'2024-04-16 07:47:04','2024-04-16 07:47:04'),(423,424,'테스트유저548',2,'2024-04-16 07:47:04','2024-04-16 07:47:04'),(424,428,'테스트유저552',2,'2024-04-16 07:47:04','2024-04-16 07:47:04'),(425,431,'테스트유저555',2,'2024-04-16 07:47:04','2024-04-16 07:47:04'),(426,429,'테스트유저553',2,'2024-04-16 07:47:04','2024-04-16 07:47:04'),(427,427,'테스트유저551',2,'2024-04-16 07:47:04','2024-04-16 07:47:04'),(428,426,'테스트유저550',2,'2024-04-16 07:47:04','2024-04-16 07:47:04'),(429,430,'테스트유저554',2,'2024-04-16 07:47:04','2024-04-16 07:47:04'),(430,433,'테스트유저557',2,'2024-04-16 07:47:04','2024-04-16 07:47:04'),(431,432,'테스트유저556',2,'2024-04-16 07:47:04','2024-04-16 07:47:04'),(432,435,'테스트유저559',2,'2024-04-16 07:47:04','2024-04-16 07:47:04'),(433,437,'테스트유저561',2,'2024-04-16 07:47:04','2024-04-16 07:47:04'),(434,434,'테스트유저558',2,'2024-04-16 07:47:04','2024-04-16 07:47:04'),(435,436,'테스트유저560',2,'2024-04-16 07:47:04','2024-04-16 07:47:04'),(436,438,'테스트유저562',2,'2024-04-16 07:47:04','2024-04-16 07:47:04'),(437,443,'테스트유저567',2,'2024-04-16 07:47:04','2024-04-16 07:47:04'),(438,442,'테스트유저566',2,'2024-04-16 07:47:04','2024-04-16 07:47:04'),(439,439,'테스트유저563',2,'2024-04-16 07:47:04','2024-04-16 07:47:04'),(440,441,'테스트유저565',2,'2024-04-16 07:47:04','2024-04-16 07:47:04'),(441,440,'테스트유저564',2,'2024-04-16 07:47:04','2024-04-16 07:47:04'),(442,444,'테스트유저568',2,'2024-04-16 07:47:04','2024-04-16 07:47:04'),(443,448,'테스트유저572',2,'2024-04-16 07:47:04','2024-04-16 07:47:04'),(444,445,'테스트유저569',2,'2024-04-16 07:47:04','2024-04-16 07:47:04'),(445,446,'테스트유저570',2,'2024-04-16 07:47:04','2024-04-16 07:47:04'),(446,447,'테스트유저571',2,'2024-04-16 07:47:04','2024-04-16 07:47:04'),(447,449,'테스트유저573',2,'2024-04-16 07:47:04','2024-04-16 07:47:04'),(448,450,'테스트유저574',2,'2024-04-16 07:47:04','2024-04-16 07:47:04'),(449,452,'테스트유저576',2,'2024-04-16 07:47:04','2024-04-16 07:47:04'),(450,453,'테스트유저577',2,'2024-04-16 07:47:04','2024-04-16 07:47:04'),(451,451,'테스트유저575',2,'2024-04-16 07:47:04','2024-04-16 07:47:04'),(452,457,'테스트유저581',2,'2024-04-16 07:47:04','2024-04-16 07:47:04'),(453,454,'테스트유저578',2,'2024-04-16 07:47:04','2024-04-16 07:47:04'),(454,455,'테스트유저579',2,'2024-04-16 07:47:04','2024-04-16 07:47:04'),(455,456,'테스트유저580',2,'2024-04-16 07:47:04','2024-04-16 07:47:04'),(456,459,'테스트유저583',2,'2024-04-16 07:47:04','2024-04-16 07:47:04'),(457,458,'테스트유저582',2,'2024-04-16 07:47:04','2024-04-16 07:47:04'),(458,461,'테스트유저585',2,'2024-04-16 07:47:04','2024-04-16 07:47:04'),(459,460,'테스트유저584',2,'2024-04-16 07:47:04','2024-04-16 07:47:04'),(460,463,'테스트유저587',2,'2024-04-16 07:47:04','2024-04-16 07:47:04'),(461,462,'테스트유저586',2,'2024-04-16 07:47:04','2024-04-16 07:47:04'),(462,464,'테스트유저588',2,'2024-04-16 07:47:04','2024-04-16 07:47:04'),(463,468,'테스트유저592',2,'2024-04-16 07:47:04','2024-04-16 07:47:04'),(464,466,'테스트유저590',2,'2024-04-16 07:47:04','2024-04-16 07:47:04'),(465,467,'테스트유저591',2,'2024-04-16 07:47:04','2024-04-16 07:47:04'),(466,465,'테스트유저589',2,'2024-04-16 07:47:04','2024-04-16 07:47:04'),(467,469,'테스트유저593',2,'2024-04-16 07:47:04','2024-04-16 07:47:04'),(468,471,'테스트유저595',2,'2024-04-16 07:47:04','2024-04-16 07:47:04'),(469,473,'테스트유저597',2,'2024-04-16 07:47:04','2024-04-16 07:47:04'),(470,470,'테스트유저594',2,'2024-04-16 07:47:04','2024-04-16 07:47:04'),(471,472,'테스트유저596',2,'2024-04-16 07:47:04','2024-04-16 07:47:04'),(472,474,'테스트유저598',2,'2024-04-16 07:47:04','2024-04-16 07:47:04'),(473,475,'테스트유저599',2,'2024-04-16 07:47:04','2024-04-16 07:47:04'),(474,480,'테스트유저604',2,'2024-04-16 07:47:04','2024-04-16 07:47:04'),(475,482,'테스트유저606',2,'2024-04-16 07:47:04','2024-04-16 07:47:04'),(476,477,'테스트유저601',2,'2024-04-16 07:47:04','2024-04-16 07:47:04'),(477,476,'테스트유저600',2,'2024-04-16 07:47:04','2024-04-16 07:47:04'),(478,481,'테스트유저605',2,'2024-04-16 07:47:04','2024-04-16 07:47:04'),(479,479,'테스트유저603',2,'2024-04-16 07:47:04','2024-04-16 07:47:04'),(480,478,'테스트유저602',2,'2024-04-16 07:47:04','2024-04-16 07:47:04'),(481,483,'테스트유저607',2,'2024-04-16 07:47:04','2024-04-16 07:47:04'),(482,484,'테스트유저608',2,'2024-04-16 07:47:04','2024-04-16 07:47:04'),(483,485,'테스트유저609',2,'2024-04-16 07:47:04','2024-04-16 07:47:04'),(484,488,'테스트유저612',2,'2024-04-16 07:47:04','2024-04-16 07:47:04'),(485,487,'테스트유저611',2,'2024-04-16 07:47:04','2024-04-16 07:47:04'),(486,489,'테스트유저613',2,'2024-04-16 07:47:04','2024-04-16 07:47:04'),(487,486,'테스트유저610',2,'2024-04-16 07:47:04','2024-04-16 07:47:04'),(488,490,'테스트유저614',2,'2024-04-16 07:47:04','2024-04-16 07:47:04'),(489,492,'테스트유저616',2,'2024-04-16 07:47:04','2024-04-16 07:47:04'),(490,494,'테스트유저618',2,'2024-04-16 07:47:04','2024-04-16 07:47:04'),(491,493,'테스트유저617',2,'2024-04-16 07:47:04','2024-04-16 07:47:04'),(492,491,'테스트유저615',2,'2024-04-16 07:47:04','2024-04-16 07:47:04'),(493,495,'테스트유저619',2,'2024-04-16 07:47:04','2024-04-16 07:47:04'),(494,497,'테스트유저621',2,'2024-04-16 07:47:04','2024-04-16 07:47:04'),(495,499,'테스트유저623',2,'2024-04-16 07:47:04','2024-04-16 07:47:04'),(496,498,'테스트유저622',2,'2024-04-16 07:47:04','2024-04-16 07:47:04'),(497,496,'테스트유저620',2,'2024-04-16 07:47:04','2024-04-16 07:47:04'),(498,500,'테스트유저624',2,'2024-04-16 07:47:05','2024-04-16 07:47:05'),(499,502,'테스트유저627',2,'2024-04-16 07:47:05','2024-04-16 07:47:05'),(500,504,'테스트유저628',2,'2024-04-16 07:47:05','2024-04-16 07:47:05'),(501,501,'테스트유저625',2,'2024-04-16 07:47:05','2024-04-16 07:47:05'),(502,503,'테스트유저626',2,'2024-04-16 07:47:05','2024-04-16 07:47:05'),(503,505,'테스트유저629',2,'2024-04-16 07:47:05','2024-04-16 07:47:05'),(504,507,'테스트유저631',2,'2024-04-16 07:47:05','2024-04-16 07:47:05'),(505,509,'테스트유저633',2,'2024-04-16 07:47:05','2024-04-16 07:47:05'),(506,508,'테스트유저632',2,'2024-04-16 07:47:05','2024-04-16 07:47:05'),(507,506,'테스트유저630',2,'2024-04-16 07:47:05','2024-04-16 07:47:05'),(508,510,'테스트유저634',2,'2024-04-16 07:47:05','2024-04-16 07:47:05'),(509,511,'테스트유저635',2,'2024-04-16 07:47:05','2024-04-16 07:47:05'),(510,512,'테스트유저636',2,'2024-04-16 07:47:05','2024-04-16 07:47:05'),(511,514,'테스트유저638',2,'2024-04-16 07:47:05','2024-04-16 07:47:05'),(512,513,'테스트유저637',2,'2024-04-16 07:47:05','2024-04-16 07:47:05'),(513,515,'테스트유저639',2,'2024-04-16 07:47:05','2024-04-16 07:47:05'),(514,516,'테스트유저640',2,'2024-04-16 07:47:05','2024-04-16 07:47:05'),(515,517,'테스트유저641',2,'2024-04-16 07:47:05','2024-04-16 07:47:05'),(516,520,'테스트유저644',2,'2024-04-16 07:47:05','2024-04-16 07:47:05'),(517,521,'테스트유저645',2,'2024-04-16 07:47:05','2024-04-16 07:47:05'),(518,519,'테스트유저643',2,'2024-04-16 07:47:05','2024-04-16 07:47:05'),(519,518,'테스트유저642',2,'2024-04-16 07:47:05','2024-04-16 07:47:05'),(520,524,'테스트유저648',2,'2024-04-16 07:47:05','2024-04-16 07:47:05'),(521,523,'테스트유저647',2,'2024-04-16 07:47:05','2024-04-16 07:47:05'),(522,522,'테스트유저646',2,'2024-04-16 07:47:05','2024-04-16 07:47:05'),(523,525,'테스트유저649',2,'2024-04-16 07:47:05','2024-04-16 07:47:05'),(524,531,'테스트유저655',2,'2024-04-16 07:47:05','2024-04-16 07:47:05'),(525,528,'테스트유저652',2,'2024-04-16 07:47:05','2024-04-16 07:47:05'),(526,527,'테스트유저651',2,'2024-04-16 07:47:05','2024-04-16 07:47:05'),(527,529,'테스트유저653',2,'2024-04-16 07:47:05','2024-04-16 07:47:05'),(528,530,'테스트유저654',2,'2024-04-16 07:47:05','2024-04-16 07:47:05'),(529,526,'테스트유저650',2,'2024-04-16 07:47:05','2024-04-16 07:47:05'),(530,532,'테스트유저656',2,'2024-04-16 07:47:05','2024-04-16 07:47:05'),(531,533,'테스트유저657',2,'2024-04-16 07:47:05','2024-04-16 07:47:05'),(532,540,'테스트유저664',2,'2024-04-16 07:47:05','2024-04-16 07:47:05'),(533,536,'테스트유저660',2,'2024-04-16 07:47:05','2024-04-16 07:47:05'),(534,537,'테스트유저661',2,'2024-04-16 07:47:05','2024-04-16 07:47:05'),(535,535,'테스트유저659',2,'2024-04-16 07:47:05','2024-04-16 07:47:05'),(536,534,'테스트유저658',2,'2024-04-16 07:47:05','2024-04-16 07:47:05'),(537,541,'테스트유저665',2,'2024-04-16 07:47:05','2024-04-16 07:47:05'),(538,539,'테스트유저663',2,'2024-04-16 07:47:05','2024-04-16 07:47:05'),(539,538,'테스트유저662',2,'2024-04-16 07:47:05','2024-04-16 07:47:05'),(540,542,'테스트유저666',2,'2024-04-16 07:47:05','2024-04-16 07:47:05'),(541,543,'테스트유저667',2,'2024-04-16 07:47:05','2024-04-16 07:47:05'),(542,548,'테스트유저672',2,'2024-04-16 07:47:05','2024-04-16 07:47:05'),(543,545,'테스트유저669',2,'2024-04-16 07:47:05','2024-04-16 07:47:05'),(544,549,'테스트유저673',2,'2024-04-16 07:47:05','2024-04-16 07:47:05'),(545,546,'테스트유저670',2,'2024-04-16 07:47:05','2024-04-16 07:47:05'),(546,544,'테스트유저668',2,'2024-04-16 07:47:05','2024-04-16 07:47:05'),(547,547,'테스트유저671',2,'2024-04-16 07:47:05','2024-04-16 07:47:05'),(548,550,'테스트유저674',2,'2024-04-16 07:47:05','2024-04-16 07:47:05'),(549,551,'테스트유저675',2,'2024-04-16 07:47:05','2024-04-16 07:47:05'),(550,552,'테스트유저676',2,'2024-04-16 07:47:05','2024-04-16 07:47:05'),(551,553,'테스트유저677',2,'2024-04-16 07:47:05','2024-04-16 07:47:05'),(552,555,'테스트유저679',2,'2024-04-16 07:47:05','2024-04-16 07:47:05'),(553,554,'테스트유저678',2,'2024-04-16 07:47:05','2024-04-16 07:47:05'),(554,556,'테스트유저680',2,'2024-04-16 07:47:05','2024-04-16 07:47:05'),(555,557,'테스트유저681',2,'2024-04-16 07:47:05','2024-04-16 07:47:05'),(556,561,'테스트유저685',2,'2024-04-16 07:47:05','2024-04-16 07:47:05'),(557,559,'테스트유저683',2,'2024-04-16 07:47:05','2024-04-16 07:47:05'),(558,558,'테스트유저682',2,'2024-04-16 07:47:05','2024-04-16 07:47:05'),(559,560,'테스트유저684',2,'2024-04-16 07:47:05','2024-04-16 07:47:05'),(560,562,'테스트유저686',2,'2024-04-16 07:47:05','2024-04-16 07:47:05'),(561,563,'테스트유저687',2,'2024-04-16 07:47:05','2024-04-16 07:47:05'),(562,564,'테스트유저688',2,'2024-04-16 07:47:05','2024-04-16 07:47:05'),(563,566,'테스트유저690',2,'2024-04-16 07:47:05','2024-04-16 07:47:05'),(564,565,'테스트유저689',2,'2024-04-16 07:47:05','2024-04-16 07:47:05'),(565,567,'테스트유저691',2,'2024-04-16 07:47:05','2024-04-16 07:47:05'),(566,568,'테스트유저692',2,'2024-04-16 07:47:05','2024-04-16 07:47:05'),(567,569,'테스트유저693',2,'2024-04-16 07:47:05','2024-04-16 07:47:05'),(568,571,'테스트유저695',2,'2024-04-16 07:47:05','2024-04-16 07:47:05'),(569,570,'테스트유저694',2,'2024-04-16 07:47:05','2024-04-16 07:47:05'),(570,572,'테스트유저696',2,'2024-04-16 07:47:05','2024-04-16 07:47:05'),(571,573,'테스트유저697',2,'2024-04-16 07:47:05','2024-04-16 07:47:05'),(572,574,'테스트유저698',2,'2024-04-16 07:47:05','2024-04-16 07:47:05'),(573,575,'테스트유저699',2,'2024-04-16 07:47:05','2024-04-16 07:47:05'),(574,576,'테스트유저700',2,'2024-04-16 07:47:05','2024-04-16 07:47:05'),(575,580,'테스트유저704',2,'2024-04-16 07:47:05','2024-04-16 07:47:05'),(576,577,'테스트유저701',2,'2024-04-16 07:47:05','2024-04-16 07:47:05'),(577,582,'테스트유저706',2,'2024-04-16 07:47:05','2024-04-16 07:47:05'),(578,578,'테스트유저702',2,'2024-04-16 07:47:05','2024-04-16 07:47:05'),(579,581,'테스트유저705',2,'2024-04-16 07:47:05','2024-04-16 07:47:05'),(580,579,'테스트유저703',2,'2024-04-16 07:47:05','2024-04-16 07:47:05'),(581,584,'테스트유저708',2,'2024-04-16 07:47:05','2024-04-16 07:47:05'),(582,586,'테스트유저710',2,'2024-04-16 07:47:05','2024-04-16 07:47:05'),(583,585,'테스트유저709',2,'2024-04-16 07:47:05','2024-04-16 07:47:05'),(584,583,'테스트유저707',2,'2024-04-16 07:47:05','2024-04-16 07:47:05'),(585,587,'테스트유저711',2,'2024-04-16 07:47:05','2024-04-16 07:47:05'),(586,593,'테스트유저717',2,'2024-04-16 07:47:05','2024-04-16 07:47:05'),(587,589,'테스트유저713',2,'2024-04-16 07:47:05','2024-04-16 07:47:05'),(588,594,'테스트유저718',2,'2024-04-16 07:47:05','2024-04-16 07:47:05'),(589,591,'테스트유저715',2,'2024-04-16 07:47:05','2024-04-16 07:47:05'),(590,596,'테스트유저720',2,'2024-04-16 07:47:05','2024-04-16 07:47:05'),(591,595,'테스트유저719',2,'2024-04-16 07:47:05','2024-04-16 07:47:05'),(592,588,'테스트유저712',2,'2024-04-16 07:47:05','2024-04-16 07:47:05'),(593,592,'테스트유저716',2,'2024-04-16 07:47:05','2024-04-16 07:47:05'),(594,590,'테스트유저714',2,'2024-04-16 07:47:05','2024-04-16 07:47:05'),(595,598,'테스트유저722',2,'2024-04-16 07:47:05','2024-04-16 07:47:05'),(596,597,'테스트유저721',2,'2024-04-16 07:47:05','2024-04-16 07:47:05'),(597,599,'테스트유저723',2,'2024-04-16 07:47:05','2024-04-16 07:47:05'),(598,602,'테스트유저726',2,'2024-04-16 07:47:05','2024-04-16 07:47:05'),(599,603,'테스트유저727',2,'2024-04-16 07:47:05','2024-04-16 07:47:05'),(600,604,'테스트유저728',2,'2024-04-16 07:47:05','2024-04-16 07:47:05'),(601,600,'테스트유저724',2,'2024-04-16 07:47:05','2024-04-16 07:47:05'),(602,606,'테스트유저730',2,'2024-04-16 07:47:05','2024-04-16 07:47:05'),(603,605,'테스트유저729',2,'2024-04-16 07:47:05','2024-04-16 07:47:05'),(604,601,'테스트유저725',2,'2024-04-16 07:47:05','2024-04-16 07:47:05'),(605,607,'테스트유저731',2,'2024-04-16 07:47:05','2024-04-16 07:47:05'),(606,608,'테스트유저732',2,'2024-04-16 07:47:06','2024-04-16 07:47:06'),(607,610,'테스트유저734',2,'2024-04-16 07:47:06','2024-04-16 07:47:06'),(608,616,'테스트유저740',2,'2024-04-16 07:47:06','2024-04-16 07:47:06'),(609,612,'테스트유저736',2,'2024-04-16 07:47:06','2024-04-16 07:47:06'),(610,614,'테스트유저738',2,'2024-04-16 07:47:06','2024-04-16 07:47:06'),(611,611,'테스트유저735',2,'2024-04-16 07:47:06','2024-04-16 07:47:06'),(612,613,'테스트유저737',2,'2024-04-16 07:47:06','2024-04-16 07:47:06'),(613,609,'테스트유저733',2,'2024-04-16 07:47:06','2024-04-16 07:47:06'),(614,615,'테스트유저739',2,'2024-04-16 07:47:06','2024-04-16 07:47:06'),(615,617,'테스트유저741',2,'2024-04-16 07:47:06','2024-04-16 07:47:06'),(616,618,'테스트유저742',2,'2024-04-16 07:47:06','2024-04-16 07:47:06'),(617,619,'테스트유저743',2,'2024-04-16 07:47:06','2024-04-16 07:47:06'),(618,623,'테스트유저747',2,'2024-04-16 07:47:06','2024-04-16 07:47:06'),(619,620,'테스트유저744',2,'2024-04-16 07:47:06','2024-04-16 07:47:06'),(620,621,'테스트유저745',2,'2024-04-16 07:47:06','2024-04-16 07:47:06'),(621,622,'테스트유저746',2,'2024-04-16 07:47:06','2024-04-16 07:47:06'),(622,626,'테스트유저750',2,'2024-04-16 07:47:06','2024-04-16 07:47:06'),(623,625,'테스트유저749',2,'2024-04-16 07:47:06','2024-04-16 07:47:06'),(624,624,'테스트유저748',2,'2024-04-16 07:47:06','2024-04-16 07:47:06'),(625,627,'테스트유저751',2,'2024-04-16 07:47:06','2024-04-16 07:47:06'),(626,628,'테스트유저752',2,'2024-04-16 07:47:06','2024-04-16 07:47:06'),(627,629,'테스트유저753',2,'2024-04-16 07:47:06','2024-04-16 07:47:06'),(628,630,'테스트유저754',2,'2024-04-16 07:47:06','2024-04-16 07:47:06'),(629,635,'테스트유저758',2,'2024-04-16 07:47:06','2024-04-16 07:47:06'),(630,632,'테스트유저756',2,'2024-04-16 07:47:06','2024-04-16 07:47:06'),(631,634,'테스트유저759',2,'2024-04-16 07:47:06','2024-04-16 07:47:06'),(632,633,'테스트유저757',2,'2024-04-16 07:47:06','2024-04-16 07:47:06'),(633,636,'테스트유저760',2,'2024-04-16 07:47:06','2024-04-16 07:47:06'),(634,631,'테스트유저755',2,'2024-04-16 07:47:06','2024-04-16 07:47:06'),(635,637,'테스트유저761',2,'2024-04-16 07:47:06','2024-04-16 07:47:06'),(636,638,'테스트유저762',2,'2024-04-16 07:47:06','2024-04-16 07:47:06'),(637,639,'테스트유저763',2,'2024-04-16 07:47:06','2024-04-16 07:47:06'),(638,640,'테스트유저764',2,'2024-04-16 07:47:06','2024-04-16 07:47:06'),(639,641,'테스트유저765',2,'2024-04-16 07:47:06','2024-04-16 07:47:06'),(640,642,'테스트유저766',2,'2024-04-16 07:47:06','2024-04-16 07:47:06'),(641,643,'테스트유저767',2,'2024-04-16 07:47:06','2024-04-16 07:47:06'),(642,646,'테스트유저770',2,'2024-04-16 07:47:06','2024-04-16 07:47:06'),(643,648,'테스트유저772',2,'2024-04-16 07:47:06','2024-04-16 07:47:06'),(644,644,'테스트유저768',2,'2024-04-16 07:47:06','2024-04-16 07:47:06'),(645,645,'테스트유저769',2,'2024-04-16 07:47:06','2024-04-16 07:47:06'),(646,647,'테스트유저771',2,'2024-04-16 07:47:06','2024-04-16 07:47:06'),(647,649,'테스트유저773',2,'2024-04-16 07:47:06','2024-04-16 07:47:06'),(648,652,'테스트유저776',2,'2024-04-16 07:47:06','2024-04-16 07:47:06'),(649,651,'테스트유저775',2,'2024-04-16 07:47:06','2024-04-16 07:47:06'),(650,650,'테스트유저774',2,'2024-04-16 07:47:06','2024-04-16 07:47:06'),(651,653,'테스트유저777',2,'2024-04-16 07:47:06','2024-04-16 07:47:06'),(652,654,'테스트유저778',2,'2024-04-16 07:47:06','2024-04-16 07:47:06'),(653,659,'테스트유저783',2,'2024-04-16 07:47:06','2024-04-16 07:47:06'),(654,658,'테스트유저782',2,'2024-04-16 07:47:06','2024-04-16 07:47:06'),(655,657,'테스트유저781',2,'2024-04-16 07:47:06','2024-04-16 07:47:06'),(656,656,'테스트유저780',2,'2024-04-16 07:47:06','2024-04-16 07:47:06'),(657,655,'테스트유저779',2,'2024-04-16 07:47:06','2024-04-16 07:47:06'),(658,661,'테스트유저785',2,'2024-04-16 07:47:06','2024-04-16 07:47:06'),(659,662,'테스트유저786',2,'2024-04-16 07:47:06','2024-04-16 07:47:06'),(660,660,'테스트유저784',2,'2024-04-16 07:47:06','2024-04-16 07:47:06'),(661,669,'테스트유저793',2,'2024-04-16 07:47:06','2024-04-16 07:47:06'),(662,663,'테스트유저787',2,'2024-04-16 07:47:06','2024-04-16 07:47:06'),(663,664,'테스트유저788',2,'2024-04-16 07:47:06','2024-04-16 07:47:06'),(664,666,'테스트유저790',2,'2024-04-16 07:47:06','2024-04-16 07:47:06'),(665,665,'테스트유저789',2,'2024-04-16 07:47:06','2024-04-16 07:47:06'),(666,667,'테스트유저791',2,'2024-04-16 07:47:06','2024-04-16 07:47:06'),(667,668,'테스트유저792',2,'2024-04-16 07:47:06','2024-04-16 07:47:06'),(668,670,'테스트유저794',2,'2024-04-16 07:47:06','2024-04-16 07:47:06'),(669,671,'테스트유저795',2,'2024-04-16 07:47:06','2024-04-16 07:47:06'),(670,672,'테스트유저796',2,'2024-04-16 07:47:06','2024-04-16 07:47:06'),(671,673,'테스트유저797',2,'2024-04-16 07:47:06','2024-04-16 07:47:06'),(672,675,'테스트유저799',2,'2024-04-16 07:47:06','2024-04-16 07:47:06'),(673,674,'테스트유저798',2,'2024-04-16 07:47:06','2024-04-16 07:47:06'),(675,678,'윈터1',2,'2024-04-17 15:10:49','2024-04-17 15:10:49'),(679,682,'영호매니저',3,'2024-04-18 13:51:39','2024-04-18 14:10:29'),(680,684,'영호테스트용',2,'2024-04-18 13:53:52','2024-04-18 14:10:19'),(681,685,'마지막',3,'2024-04-18 14:28:46','2024-04-18 14:28:46'),(684,695,'다시',2,'2024-04-22 12:45:22','2024-04-22 12:45:22'),(685,696,'영호11111',3,'2024-04-22 13:08:47','2024-04-22 13:13:13'),(686,697,'영호테스트',2,'2024-04-22 13:56:20','2024-04-22 13:56:20'),(687,698,'헌성111',2,'2024-04-22 13:56:39','2024-04-22 13:56:39'),(688,699,'영호',2,'2024-04-22 16:59:51','2024-04-22 16:59:51'),(689,700,'테스트마스터계정',1,'2024-04-22 08:31:56','2024-04-22 08:31:56'),(690,701,'테스트매니저계정',2,'2024-04-22 08:31:56','2024-04-24 10:43:45'),(691,702,'테스트뷰어계정',3,'2024-04-22 08:31:56','2024-04-22 08:31:56'),(693,706,'윈터',2,'2024-04-23 15:41:32','2024-04-23 15:41:32'),(694,707,'윈터',2,'2024-04-23 15:43:31','2024-04-23 15:43:31'),(695,708,'111영호',2,'2024-04-23 16:56:51','2024-04-23 16:56:51'),(696,709,'111영호',2,'2024-04-23 16:57:09','2024-04-23 16:57:09'),(697,710,'영호',2,'2024-04-23 16:57:22','2024-04-23 16:57:22'),(698,711,'윈터',2,'2024-04-25 13:48:27','2024-04-25 13:48:27'),(699,712,'윈터',2,'2024-04-25 16:18:55','2024-04-25 16:18:55'),(700,715,'법인고객마스터',1,'2024-04-29 14:41:46','2024-04-29 14:41:46'),(701,716,'매니저001',2,'2024-04-29 14:47:25','2024-04-29 14:48:02'),(702,717,'매니저002',2,'2024-04-29 14:48:18','2024-04-29 14:48:56'),(703,718,'매니저003',2,'2024-04-29 14:48:34','2024-04-29 14:49:00'),(704,719,'매니저004',2,'2024-04-29 14:48:51','2024-04-29 14:49:03'),(705,720,'매니저005',2,'2024-04-29 14:49:48','2024-04-29 14:49:53'),(706,721,'뷰어001',3,'2024-04-29 14:50:47','2024-04-29 14:51:42'),(707,722,'뷰어002',3,'2024-04-29 14:50:58','2024-04-29 14:51:45'),(708,723,'뷰어003',3,'2024-04-29 14:51:09','2024-04-29 14:51:47'),(709,724,'뷰어004',3,'2024-04-29 14:51:17','2024-04-29 14:51:50'),(710,725,'뷰어005',3,'2024-04-29 14:51:26','2024-04-29 14:51:54'),(729,744,'OTP_TEST',1,'2024-05-02 12:04:41','2024-05-02 12:04:41'),(730,745,'OTP_TEST',2,'2024-05-02 12:04:57','2024-05-02 12:04:57'),(731,746,'OTP_TEST',3,'2024-05-02 12:05:04','2024-05-02 12:05:04'),(732,747,'윈터',2,'2024-05-02 12:17:30','2024-05-02 12:17:30'),(734,750,'1',2,'2024-05-02 16:08:55','2024-05-02 16:08:55'),(746,762,'윈터',2,'2024-05-03 12:00:13','2024-05-03 12:00:13'),(747,763,'호종',1,'2024-05-03 20:04:10','2024-05-03 20:04:10'),(748,764,'월렛팀테스트',1,'2024-05-07 11:09:03','2024-05-07 11:09:03'),(749,765,'로컬테스트계정',1,'2024-05-07 15:09:12','2024-05-07 15:09:12'),(750,766,'1',3,'2024-05-14 10:26:41','2024-05-14 10:26:41'),(751,767,'하하1',3,'2024-05-14 10:28:07','2024-05-14 10:28:07'),(752,768,'서진솔',3,'2024-05-14 15:41:07','2024-05-16 10:23:14'),(753,769,'법인고객마스터',1,'2024-05-14 15:58:19','2024-05-14 15:58:19'),(754,770,'법인고객마스터',1,'2024-05-14 16:04:35','2024-05-14 16:04:35'),(755,772,'맨이저01',2,'2024-05-14 16:54:34','2024-05-14 17:18:41'),(756,773,'맨이저02',2,'2024-05-14 16:58:48','2024-05-14 17:18:30'),(757,774,'77',2,'2024-05-14 17:02:07','2024-05-14 17:02:07'),(758,775,'맨이저03',2,'2024-05-14 17:17:54','2024-05-14 17:18:50'),(759,776,'맨이저111',2,'2024-05-14 18:09:51','2024-05-14 18:10:50'),(760,777,'QA테스트 마스터계정',1,'2024-05-16 09:59:19','2024-05-16 09:59:19'),(761,778,'66테스트 마스터계정',1,'2024-05-16 10:00:17','2024-05-16 10:00:17'),(762,779,'66테스트 마스터계정',1,'2024-05-16 10:01:29','2024-05-16 10:01:29'),(763,780,'진솔테스트 마스터계정',1,'2024-05-16 11:24:08','2024-05-16 11:24:08'),(764,781,'남윤정',2,'2024-05-16 15:22:36','2024-05-16 15:22:36'),(765,782,'김진현',2,'2024-05-20 14:15:16','2024-05-20 16:10:04'),(767,784,'123',3,'2024-05-20 17:11:54','2024-05-20 17:11:54'),(768,785,'법인고객마스터',1,'2024-05-22 15:20:51','2024-05-22 15:20:51'),(770,787,'김블록쿤',1,'2024-05-29 15:13:00','2024-05-29 15:13:00'),(772,789,'1용블록',1,'2024-06-03 10:13:41','2024-06-03 10:13:41'),(773,790,'장테스터',1,'2024-06-05 15:03:09','2024-06-05 15:03:09'),(774,791,'최승용',2,'2024-06-05 16:38:36','2024-06-05 16:38:36'),(775,792,'마스터테스트계정01',1,'2024-06-05 17:05:10','2024-06-05 17:05:10'),(776,793,'마스터테스트계정02',1,'2024-06-05 17:08:40','2024-06-05 17:08:40'),(777,794,'매니저테스트계정01',2,'2024-06-10 10:57:17','2024-06-10 13:19:49'),(778,795,'뷰어테스트계정',3,'2024-06-10 13:17:54','2024-06-10 13:19:49'),(779,796,'0610대표계정',1,'2024-06-10 18:05:33','2024-06-10 18:05:33'),(780,797,'0610매니저',2,'2024-06-10 18:07:05','2024-06-10 18:07:05'),(781,798,'김블록',1,'2024-06-12 17:13:20','2024-06-12 17:13:20'),(782,799,'올드캐슬',2,'2024-06-12 18:01:18','2024-06-12 18:01:18'),(783,801,'0613',1,'2024-06-13 12:27:52','2024-06-13 12:27:52'),(784,802,'0613테스트',2,'2024-06-13 12:29:03','2024-06-13 12:29:03'),(785,803,'0613c',1,'2024-06-13 13:52:23','2024-06-13 13:52:23'),(786,804,'manager1',2,'2024-06-13 13:53:40','2024-06-13 13:53:40'),(787,805,'manager2',2,'2024-06-13 13:53:54','2024-06-13 13:53:54'),(788,806,'v1',3,'2024-06-13 13:54:11','2024-06-13 13:54:11'),(789,807,'v2',3,'2024-06-13 13:54:22','2024-06-13 13:54:22'),(790,808,'0617클라이언트테스트',1,'2024-06-13 14:41:23','2024-06-13 14:41:23'),(791,809,'매니저1',2,'2024-06-13 14:42:22','2024-06-13 14:42:22'),(792,810,'매니저2',2,'2024-06-13 14:42:32','2024-06-13 14:42:32'),(793,811,'뷰어1',3,'2024-06-13 14:43:05','2024-06-13 14:43:05'),(794,812,'뷰어2',3,'2024-06-13 14:43:16','2024-06-13 14:43:16'),(795,813,'QA클라이언트대표계정',1,'2024-06-17 11:17:22','2024-06-17 11:17:22'),(796,814,'클라이언트매니저1',2,'2024-06-17 11:18:14','2024-06-17 11:18:14'),(797,815,'클라이언트매니저2',2,'2024-06-17 11:18:28','2024-06-17 11:18:28'),(798,816,'클라이언트뷰어1',3,'2024-06-17 11:18:49','2024-06-17 11:18:49'),(799,817,'클라이언트뷰어2',3,'2024-06-17 11:19:03','2024-06-17 11:19:03'),(800,818,'윈터',2,'2024-06-18 12:36:51','2024-06-18 12:36:51'),(801,819,'이xx',1,'2024-06-27 18:10:42','2024-06-27 18:10:42');
/*!40000 ALTER TABLE `user_profile` ENABLE KEYS */;
UNLOCK TABLES;

--
-- Table structure for table `user_role`
--

DROP TABLE IF EXISTS `user_role`;
/*!40101 SET @saved_cs_client     = @@character_set_client */;
/*!50503 SET character_set_client = utf8mb4 */;
CREATE TABLE `user_role` (
  `id` int NOT NULL AUTO_INCREMENT,
  `name` varchar(20) CHARACTER SET utf8mb4 COLLATE utf8mb4_general_ci DEFAULT NULL,
  PRIMARY KEY (`id`)
) ENGINE=InnoDB AUTO_INCREMENT=4 DEFAULT CHARSET=utf8mb4 COLLATE=utf8mb4_general_ci;
/*!40101 SET character_set_client = @saved_cs_client */;

--
-- Dumping data for table `user_role`
--

LOCK TABLES `user_role` WRITE;
/*!40000 ALTER TABLE `user_role` DISABLE KEYS */;
INSERT INTO `user_role` VALUES (1,'마스터'),(2,'매니저'),(3,'뷰어');
/*!40000 ALTER TABLE `user_role` ENABLE KEYS */;
UNLOCK TABLES;

--
-- Table structure for table `user_template`
--

DROP TABLE IF EXISTS `user_template`;
/*!40101 SET @saved_cs_client     = @@character_set_client */;
/*!50503 SET character_set_client = utf8mb4 */;
CREATE TABLE `user_template` (
  `id` int NOT NULL AUTO_INCREMENT,
  `email` varchar(128) COLLATE utf8mb4_general_ci NOT NULL,
  `auth_key` varchar(128) COLLATE utf8mb4_general_ci DEFAULT NULL,
  `expire_time` varchar(64) COLLATE utf8mb4_general_ci DEFAULT NULL,
  `create_date` datetime DEFAULT NULL,
  PRIMARY KEY (`id`),
  UNIQUE KEY `email_UNIQUE` (`email`)
) ENGINE=InnoDB AUTO_INCREMENT=29 DEFAULT CHARSET=utf8mb4 COLLATE=utf8mb4_general_ci;
/*!40101 SET character_set_client = @saved_cs_client */;

--
-- Dumping data for table `user_template`
--

LOCK TABLES `user_template` WRITE;
/*!40000 ALTER TABLE `user_template` DISABLE KEYS */;
INSERT INTO `user_template` VALUES (10,'oldcaslte@blockodyssey.io','8O3ML5QK8SD','1718596438','2024-06-17 12:48:58'),(27,'odysseyaaaaaa@blockodyssey.io','2QA7LAO8WHM','1718682572','2024-06-18 12:41:09');
/*!40000 ALTER TABLE `user_template` ENABLE KEYS */;
UNLOCK TABLES;

--
-- Table structure for table `webuser`
--

DROP TABLE IF EXISTS `webuser`;
/*!40101 SET @saved_cs_client     = @@character_set_client */;
/*!50503 SET character_set_client = utf8mb4 */;
CREATE TABLE `webuser` (
  `id` int NOT NULL AUTO_INCREMENT,
  `email` varchar(100) CHARACTER SET utf8mb4 COLLATE utf8mb4_general_ci NOT NULL,
  `expire_date` varchar(64) CHARACTER SET utf8mb4 COLLATE utf8mb4_general_ci NOT NULL,
  `refresh_token` varchar(512) CHARACTER SET utf8mb4 COLLATE utf8mb4_0900_ai_ci NOT NULL,
  PRIMARY KEY (`id`),
  UNIQUE KEY `email_UNIQUE` (`email`)
) ENGINE=InnoDB AUTO_INCREMENT=1209 DEFAULT CHARSET=utf8mb4 COLLATE=utf8mb4_general_ci;
/*!40101 SET character_set_client = @saved_cs_client */;

--
-- Dumping data for table `webuser`
--

LOCK TABLES `webuser` WRITE;
/*!40000 ALTER TABLE `webuser` DISABLE KEYS */;
INSERT INTO `webuser` VALUES (398,'laffytaffy90@naver.com','1713333574','eyJhbGciOiJIUzI1NiIsInR5cCI6IkpXVCJ9.eyJzdWIiOiJsYWZmeXRhZmZ5OTBAbmF2ZXIuY29tIiwiaWF0IjoxNzEzMzMzNTc0LCJleHAiOjE3MTMzNTE1NzR9.RX3Mg6HRoDsN0m537xEaGZA9PUsWtwJZ2tpf6Z-1AD0'),(695,'yhkim@blockodyssey.io','1714011319','eyJhbGciOiJIUzI1NiIsInR5cCI6IkpXVCJ9.eyJzdWIiOiJ5aGtpbUBibG9ja29keXNzZXkuaW8iLCJpYXQiOjE3MTQwMTEzMTksImV4cCI6MTcxNTgxMTMxOX0.BUOYUB89VClXCutgKnNH0CsDKYehNXSk-IbSOsl7BJY'),(790,'testViewer02@blockodyssey.io','1714643758','eyJhbGciOiJIUzI1NiIsInR5cCI6IkpXVCJ9.eyJzdWIiOiJ0ZXN0Vmlld2VyMDJAYmxvY2tvZHlzc2V5LmlvIiwiaWF0IjoxNzE0NjQzNzU4LCJleHAiOjE3MTY0NDM3NTh9.oPXC2v12SvPJJyIud6QIfdjtScD2wsZBnaU65yTM5Qg'),(805,'bulk786@blockodyssey.io','1714707149','eyJhbGciOiJIUzI1NiIsInR5cCI6IkpXVCJ9.eyJzdWIiOiJidWxrNzg2QGJsb2Nrb2R5c3NleS5pbyIsImlhdCI6MTcxNDcwNzE0OSwiZXhwIjoxNzE0NzI1MTQ5fQ.lt6RjCwCjHIg57J90pkUSsScKW444AeqZVfBdE975H4'),(806,'bulk785@blockodyssey.io','1714707429','eyJhbGciOiJIUzI1NiIsInR5cCI6IkpXVCJ9.eyJzdWIiOiJidWxrNzg1QGJsb2Nrb2R5c3NleS5pbyIsImlhdCI6MTcxNDcwNzQyOSwiZXhwIjoxNzE0NzI1NDI5fQ.XX3Lx8WJKofKlKFhYWG-l9ulosm0hZWOpc5D9DxJ3tE'),(834,'testOtpManager@blockodyssey.io','1714737155','eyJhbGciOiJIUzI1NiIsInR5cCI6IkpXVCJ9.eyJzdWIiOiJ0ZXN0T3RwTWFuYWdlckBibG9ja29keXNzZXkuaW8iLCJpYXQiOjE3MTQ3MzcxNTUsImV4cCI6MTcxNjUzNzE1NX0.f7n-5zhij5PCFc-lgQ3tSFrocA3dQCHIgcNTDSk3yrE'),(900,'localtest@blockodyssey.io','1715144499','eyJhbGciOiJIUzI1NiIsInR5cCI6IkpXVCJ9.eyJzdWIiOiJsb2NhbHRlc3RAYmxvY2tvZHlzc2V5LmlvIiwiaWF0IjoxNzE1MTQ0NDk5LCJleHAiOjE3MTUzMjQ0OTl9.VktnlNwL5ie2n9Qz6DkX9aPXTj68WAybUeEAjD3tk_U'),(910,'bulk25@blockodyssey.io','1715157223','eyJhbGciOiJIUzI1NiIsInR5cCI6IkpXVCJ9.eyJzdWIiOiJidWxrMjVAYmxvY2tvZHlzc2V5LmlvIiwiaWF0IjoxNzE1MTU3MjIzLCJleHAiOjE3MTY5NTcyMjN9.IrqLi3DDCyCsNRooM9XoDr6o5xTYWnfstHmM0DIP9Og'),(1045,'bulk401@blockodyssey.io','1715819385','eyJhbGciOiJIUzI1NiIsInR5cCI6IkpXVCJ9.eyJzdWIiOiJidWxrNDAxQGJsb2Nrb2R5c3NleS5pbyIsImlhdCI6MTcxNTgxOTM4NSwiZXhwIjoxNzE3NjE5Mzg1fQ.vclrT4TQqNQJU2rGhWTO8Ycf3YIGWSfV3yeGsg0rhw8'),(1057,'66Master@blockodyssey.io','1715821327','eyJhbGciOiJIUzI1NiIsInR5cCI6IkpXVCJ9.eyJzdWIiOiI2Nk1hc3RlckBibG9ja29keXNzZXkuaW8iLCJpYXQiOjE3MTU4MjEzMjcsImV4cCI6MTcxNzYyMTMyN30.qUkLvE6Vh30T5kYeSr7q-v84aHu33Rct2bW_keGMc5M'),(1062,'bulk407@blockodyssey.io','1716802228','eyJhbGciOiJIUzI1NiIsInR5cCI6IkpXVCJ9.eyJzdWIiOiJidWxrNDA3QGJsb2Nrb2R5c3NleS5pbyIsImlhdCI6MTcxNjgwMjIyOCwiZXhwIjoxNzE4NjAyMjI4fQ.r3KcPAKi_LW8BwbOUwrkgxOVXtj5nyNrvuX2v-5D0hk'),(1064,'jsTestMaster@blockodyssey.io','1715826386','eyJhbGciOiJIUzI1NiIsInR5cCI6IkpXVCJ9.eyJzdWIiOiJqc1Rlc3RNYXN0ZXJAYmxvY2tvZHlzc2V5LmlvIiwiaWF0IjoxNzE1ODI2Mzg2LCJleHAiOjE3MTc2MjYzODZ9.hV4k0YLY4VbYON9-0bwxRjf-IVxio7zoaF7Dm5b8-BA'),(1079,'testMaster@blockodyssey.io','1716352873','eyJhbGciOiJIUzI1NiIsInR5cCI6IkpXVCJ9.eyJzdWIiOiJ0ZXN0TWFzdGVyQGJsb2Nrb2R5c3NleS5pbyIsImlhdCI6MTcxNjM1Mjg3MywiZXhwIjoxNzE4MTUyODczfQ.VKOLOWAeJyAIWk1ENGj8dAk24ABo_UCeUnRIccA6l_U'),(1085,'wallet_test_master@blockodyssey.io','1716446630','eyJhbGciOiJIUzI1NiIsInR5cCI6IkpXVCJ9.eyJzdWIiOiJ3YWxsZXRfdGVzdF9tYXN0ZXJAYmxvY2tvZHlzc2V5LmlvIiwiaWF0IjoxNzE2NDQ2NjMwLCJleHAiOjE3MTgyNDY2MzB9.wq3XXPxtCiwl9Txo52vIrjtyQsAL1gpvJFUybGMPNjk'),(1090,'qaMaster01@blockodyssey.io','1717041577','eyJhbGciOiJIUzI1NiIsInR5cCI6IkpXVCJ9.eyJzdWIiOiJxYU1hc3RlcjAxQGJsb2Nrb2R5c3NleS5pbyIsImlhdCI6MTcxNzA0MTU3NywiZXhwIjoxNzE4ODQxNTc3fQ.5xQobWBUqxiptvzEwA5CIai3td8YRjfdJxmfj2lvQUc'),(1097,'66@blockodyssey.io','1717377378','eyJhbGciOiJIUzI1NiIsInR5cCI6IkpXVCJ9.eyJzdWIiOiI2NkBibG9ja29keXNzZXkuaW8iLCJpYXQiOjE3MTczNzczNzgsImV4cCI6MTcxOTE3NzM3OH0.1YgJKwh6yveqJ6cPGU-6bT2MiuVunzjP2e8dkB_cEnk'),(1104,'bulk110@blockodyssey.io','1717572998','eyJhbGciOiJIUzI1NiIsInR5cCI6IkpXVCJ9.eyJzdWIiOiJidWxrMTEwQGJsb2Nrb2R5c3NleS5pbyIsImlhdCI6MTcxNzU3Mjk5OCwiZXhwIjoxNzE5MzcyOTk4fQ.AVbnHiPy0LtgCLlxaJ98qWmzF3uRNJp7SSuvcI1NU5U'),(1113,'sontest@blockodyssey.io','1717984421','eyJhbGciOiJIUzI1NiIsInR5cCI6IkpXVCJ9.eyJzdWIiOiJzb250ZXN0QGJsb2Nrb2R5c3NleS5pbyIsImlhdCI6MTcxNzk4NDQyMSwiZXhwIjoxNzE4MDAyNDIxfQ.rH5vK1mIj4vSX1yYm6QY0kISy-l0TxdmbfK38uRpVyc'),(1119,'bulk450@blockodyssey.io','1717991571','eyJhbGciOiJIUzI1NiIsInR5cCI6IkpXVCJ9.eyJzdWIiOiJidWxrNDUwQGJsb2Nrb2R5c3NleS5pbyIsImlhdCI6MTcxNzk5MTU3MSwiZXhwIjoxNzE5NzkxNTcxfQ.oAPYyAq1He--oRZWTBGMPVBri6ytejsLMUJ9t1302gs'),(1120,'qwer@blockodyssey.io','1717992820','eyJhbGciOiJIUzI1NiIsInR5cCI6IkpXVCJ9.eyJzdWIiOiJxd2VyQGJsb2Nrb2R5c3NleS5pbyIsImlhdCI6MTcxNzk5MjgyMCwiZXhwIjoxNzE5NzkyODIwfQ.nfZzvxE-nefte4zlGPNvxqL0hJcQbyrRenK7TegWnIc'),(1127,'custodyMaster02@blockodyssey.io','1717997487','eyJhbGciOiJIUzI1NiIsInR5cCI6IkpXVCJ9.eyJzdWIiOiJjdXN0b2R5TWFzdGVyMDJAYmxvY2tvZHlzc2V5LmlvIiwiaWF0IjoxNzE3OTk3NDg3LCJleHAiOjE3MTk3OTc0ODd9.bKS1WHSY6E9OGL_bHIzT4wt1k4XBgjhPb0oE5fJWJ_c'),(1133,'0605jangjang@blockodyssey.io','1718072810','eyJhbGciOiJIUzI1NiIsInR5cCI6IkpXVCJ9.eyJzdWIiOiIwNjA1amFuZ2phbmdAYmxvY2tvZHlzc2V5LmlvIiwiaWF0IjoxNzE4MDcyODEwLCJleHAiOjE3MTk4NzI4MTB9.dkfpXT1lUIIpTvdwRo4IBHQ7BzKnYzhreJsluQ0gLhQ'),(1161,'0613c@blockodyssey.io','1718681783','eyJhbGciOiJIUzI1NiIsInR5cCI6IkpXVCJ9.eyJzdWIiOiIwNjEzY0BibG9ja29keXNzZXkuaW8iLCJpYXQiOjE3MTg2ODE3ODMsImV4cCI6MTcxODg2MTc4M30.Yh2NGG8yT8cCAI5s-PJU9mJ_UssFt2h9GlOd0P-LDd4'),(1163,'0613cman1@blockodyssey.io','1718260334','eyJhbGciOiJIUzI1NiIsInR5cCI6IkpXVCJ9.eyJzdWIiOiIwNjEzY21hbjFAYmxvY2tvZHlzc2V5LmlvIiwiaWF0IjoxNzE4MjYwMzM0LCJleHAiOjE3MjAwNjAzMzR9.Sw-HSvMgZLmsZCLdyeYr6SBRmUZd89N8bkf_ZqoJriU'),(1193,'oldcastle@blockodyssey.io','1719879969','eyJhbGciOiJIUzI1NiIsInR5cCI6IkpXVCJ9.eyJzdWIiOiJvbGRjYXN0bGVAYmxvY2tvZHlzc2V5LmlvIiwiaWF0IjoxNzE5ODc5OTY5LCJleHAiOjE3MjE2Nzk5Njl9.KUJnXO3fD41wM-y6_imk2GrglcMSCW5cecpTaZUBZqs'),(1196,'0613master@blockodyssey.io','1718674008','eyJhbGciOiJIUzI1NiIsInR5cCI6IkpXVCJ9.eyJzdWIiOiIwNjEzbWFzdGVyQGJsb2Nrb2R5c3NleS5pbyIsImlhdCI6MTcxODY3NDAwOCwiZXhwIjoxNzIwNDc0MDA4fQ.LT1lh3KSbAEhvJ_2UltkJEBhrke7LXHR_AhWzzl1sS4'),(1201,'0617QACMaster@blockodyssey.io','1718758113','eyJhbGciOiJIUzI1NiIsInR5cCI6IkpXVCJ9.eyJzdWIiOiIwNjE3UUFDTWFzdGVyQGJsb2Nrb2R5c3NleS5pbyIsImlhdCI6MTcxODc1ODExMywiZXhwIjoxNzIwNTU4MTEzfQ.cJIcXeY4OmPH7VoX1IUEQ9CPYsyAmHYdXb4-POsz_2Y');
/*!40000 ALTER TABLE `webuser` ENABLE KEYS */;
UNLOCK TABLES;
/*!40103 SET TIME_ZONE=@OLD_TIME_ZONE */;

/*!40101 SET SQL_MODE=@OLD_SQL_MODE */;
/*!40014 SET FOREIGN_KEY_CHECKS=@OLD_FOREIGN_KEY_CHECKS */;
/*!40014 SET UNIQUE_CHECKS=@OLD_UNIQUE_CHECKS */;
/*!40101 SET CHARACTER_SET_CLIENT=@OLD_CHARACTER_SET_CLIENT */;
/*!40101 SET CHARACTER_SET_RESULTS=@OLD_CHARACTER_SET_RESULTS */;
/*!40101 SET COLLATION_CONNECTION=@OLD_COLLATION_CONNECTION */;
/*!40111 SET SQL_NOTES=@OLD_SQL_NOTES */;

-- Dump completed on 2024-07-18  9:01:37
